APTA Centennial Center,N/A,N/A,38.833263,77.048257,Event Venue,Conference Center
Kaiser Permanente Alexandria Medical Center,4.5,(196),38.832813,77.048202,Event Venue,Conference Center
"AMA Conference Center Washington, DC",4.5,(22),38.852729,77.048453,Event Venue,Conference Center
Conference Center and Historic Lobby,5.0,(2),38.848867,77.041348,Event Venue,Conference Center
American Management Association,4.5,(11),38.853066,77.048524,Event Venue,Conference Center
"AMA Conference Center Washington, DC",4.5,(22),38.852729,77.048453,Event Venue,Conference Center
Conference Center and Historic Lobby,5.0,(2),38.848867,77.041348,Event Venue,Conference Center
American Management Association,4.5,(11),38.853066,77.048524,Event Venue,Conference Center
"AMA Conference Center Washington, DC",4.5,(22),38.852729,77.048453,Event Venue,Conference Center
American Management Association,4.5,(11),38.853066,77.048524,Event Venue,Conference Center
societyM meeting rooms Washington DC Capitol,5.0,(1),38.883739,77.019488,Event Venue,Conference Center
Arena Stage at the Mead Center for American Theater,4.7,"(1,521)",38.877302,77.020138,Event Venue,Conference Center
"Holiday Inn Washington Capitol - Natl Mall, an IHG Hotel",4.1,"(4,005)",38.885564,77.019698,Event Venue,Conference Center
Constitution Center,4.5,(53),38.884049,77.02141,Event Venue,Conference Center
International Taxpayer Rights Conference,N/A,N/A,38.885632,77.019431,Event Venue,Conference Center
Salamander Washington DC,4.6,"(2,129)",38.883738,77.030098,Event Venue,Conference Center
Foundation for SMFM,N/A,N/A,38.884156,77.028469,Event Venue,Conference Center
USDA Foreign Agricultural Service,4.3,(12),38.88697,77.030788,Event Venue,Conference Center
Walter E. Washington Convention Center,4.5,"(8,308)",38.904883,77.022993,Event Venue,Conference Center
The White House Conference Center,4.0,(47),38.899506,77.038157,Event Venue,Conference Center
ASAE Conference Center,4.3,(12),38.901647,77.035462,Event Venue,Conference Center
walter e washington convention center,N/A,N/A,38.901044,77.024948,Event Venue,Conference Center
AUSA Conference & Event Center,4.7,(30),38.890805,77.088144,Event Venue,Conference Center
The White House Conference Center,4.0,(47),38.899506,77.038157,Event Venue,Conference Center
ASAE Conference Center,4.3,(12),38.901647,77.035462,Event Venue,Conference Center
Davinci Meeting Rooms,5.0,(1),38.903307,77.039314,Event Venue,Conference Center
Davinci Meeting Rooms,5.0,(1),38.90698,77.042266,Event Venue,Conference Center
Nsw Catering & Conference Center,N/A,N/A,38.901556,77.042153,Event Venue,Conference Center
Uniforum Conference,4.0,(1),38.916378,77.045202,Event Venue,Conference Center
Conference facilities,N/A,N/A,38.910495,77.043078,Event Venue,Conference Center
Agu Conference Center,4.9,(9),38.914652,77.045149,Event Venue,Conference Center
Paradigm Event Management,5.0,(1),38.912934,77.043155,Event Venue,Conference Center
Friends Meeting of Washington,4.9,(64),38.913519,77.047578,Event Venue,Conference Center
Walter E. Washington Convention Center,4.5,"(8,308)",38.904883,77.022993,Event Venue,Conference Center
Uniforum Conference,4.0,(1),38.916378,77.045202,Event Venue,Conference Center
Conference facilities,N/A,N/A,38.910495,77.043078,Event Venue,Conference Center
Agu Conference Center,4.9,(9),38.914652,77.045149,Event Venue,Conference Center
The White House Conference Center,4.0,(47),38.899506,77.038157,Event Venue,Conference Center
The Festival Center,4.7,(72),38.925288,77.038022,Event Venue,Conference Center
Meridian International Center,4.8,(35),38.920454,77.037916,Event Venue,Conference Center
Better Meetings,4.9,(61),37.961329,76.699253,Event Venue,Conference Center
Cramton Auditorium,4.5,(228),38.924539,77.020819,Event Venue,Conference Center
Venture X Washington DC - Adams Morgan,4.8,(36),38.92373,77.041747,Event Venue,Conference Center
Words Beats & Life,4.5,(8),38.93355,77.035853,Event Venue,Conference Center
"Motel 6 Washington, DC",2.4,"(1,017)",38.972108,77.026769,Event Venue,Conference Center
Conference Center and Historic Lobby,5.0,(2),38.848867,77.041348,Event Venue,Conference Center
"AMA Conference Center Washington, DC",4.5,(22),38.852729,77.048453,Event Venue,Conference Center
Conference Center and Historic Lobby,5.0,(2),38.848867,77.041348,Event Venue,Conference Center
American Management Association,4.5,(11),38.853066,77.048524,Event Venue,Conference Center
"AMA Conference Center Washington, DC",4.5,(22),38.852729,77.048453,Event Venue,Conference Center
American Management Association,4.5,(11),38.853066,77.048524,Event Venue,Conference Center
Arena Stage at the Mead Center for American Theater,4.7,"(1,521)",38.877302,77.020138,Event Venue,Conference Center
"Crowne Plaza Crystal City-Washington, D.C., an IHG Hotel",4.0,"(1,519)",38.860565,77.050201,Event Venue,Conference Center
"InterContinental Washington D.C. - The Wharf, an IHG Hotel",4.5,"(1,413)",38.879363,77.024902,Event Venue,Conference Center
The Pitch at The Wharf,4.9,(60),38.87971,77.024785,Event Venue,Conference Center
National Waste & Recycling Association,N/A,N/A,38.859745,77.049506,Event Venue,Conference Center
Constitution Center,4.5,(53),38.884049,77.02141,Event Venue,Conference Center
Salamander Washington DC,4.6,"(2,129)",38.883738,77.030098,Event Venue,Conference Center
Hilton Washington DC National Mall The Wharf,4.1,"(1,246)",38.883919,77.023995,Event Venue,Conference Center
"InterContinental Washington D.C. - The Wharf, an IHG Hotel",4.5,"(1,413)",38.879363,77.024902,Event Venue,Conference Center
International Spy Museum,4.4,"(14,128)",38.884141,77.025574,Event Venue,Conference Center
Constitution Center,4.5,(53),38.884049,77.02141,Event Venue,Conference Center
Salamander Washington DC,4.6,"(2,129)",38.883738,77.030098,Event Venue,Conference Center
Hilton Washington DC National Mall The Wharf,4.1,"(1,246)",38.883919,77.023995,Event Venue,Conference Center
International Spy Museum,4.4,"(14,128)",38.884141,77.025574,Event Venue,Conference Center
National Center for Education Research (NCER),5.0,(1),38.883385,77.027674,Event Venue,Conference Center
Walter E. Washington Convention Center,4.5,"(8,308)",38.904883,77.022993,Event Venue,Conference Center
The White House Conference Center,4.0,(47),38.899506,77.038157,Event Venue,Conference Center
ASAE Conference Center,4.3,(12),38.901647,77.035462,Event Venue,Conference Center
20 F St. NW Conference Center & Capitol View Rooftop,4.7,(18),38.897252,77.010438,Event Venue,Conference Center
Capitol View Conference Center,5.0,(2),38.892681,77.013121,Event Venue,Conference Center
Walter E. Washington Convention Center,4.5,"(8,308)",38.904883,77.022993,Event Venue,Conference Center
The White House Conference Center,4.0,(47),38.899506,77.038157,Event Venue,Conference Center
ASAE Conference Center,4.3,(12),38.901647,77.035462,Event Venue,Conference Center
walter e washington convention center,N/A,N/A,38.901044,77.024948,Event Venue,Conference Center
Walter e Washington DC convention Center,N/A,N/A,38.902825,77.025879,Event Venue,Conference Center
"Cambria Hotel Washington, D.C. Convention Center",4.0,"(1,949)",38.908703,77.023735,Event Venue,Conference Center
Resources and Conservation Center,N/A,N/A,38.909077,77.036971,Event Venue,Conference Center
Association of Women's Business Centers,N/A,N/A,38.908229,77.030539,Event Venue,Conference Center
"Holiday Inn Washington-Central/White House, an IHG Hotel",4.1,"(1,554)",38.908056,77.034944,Event Venue,Conference Center
Pulitzer Center,4.0,(4),38.909182,77.041122,Event Venue,Conference Center
Walter E. Washington Convention Center,4.5,"(8,308)",38.904883,77.022993,Event Venue,Conference Center
Uniforum Conference,4.0,(1),38.916378,77.045202,Event Venue,Conference Center
Conference facilities,N/A,N/A,38.910495,77.043078,Event Venue,Conference Center
Agu Conference Center,4.9,(9),38.914652,77.045149,Event Venue,Conference Center
The White House Conference Center,4.0,(47),38.899506,77.038157,Event Venue,Conference Center
The Festival Center,4.7,(72),38.925288,77.038022,Event Venue,Conference Center
Better Meetings,4.9,(61),37.961329,76.699253,Event Venue,Conference Center
Central American Resource Center (CARECEN),4.1,(44),38.927187,77.034474,Event Venue,Conference Center
Words Beats & Life,4.5,(8),38.93355,77.035853,Event Venue,Conference Center
The Salsa With Silvia Dance Studio,4.9,(128),38.930848,77.023719,Event Venue,Conference Center
Better Meetings,4.9,(61),37.961329,76.699253,Event Venue,Conference Center
President Lincoln's Cottage,4.6,(557),38.941721,77.011845,Event Venue,Conference Center
Conservation Pavilion,4.3,(3),38.927491,77.046377,Event Venue,Conference Center
Words Beats & Life,4.5,(8),38.93355,77.035853,Event Venue,Conference Center
The Salsa With Silvia Dance Studio,4.9,(128),38.930848,77.023719,Event Venue,Conference Center
"Motel 6 Washington, DC",2.4,"(1,017)",38.972108,77.026769,Event Venue,Conference Center
Busboys and Poets,4.4,"(2,198)",38.975128,77.015383,Event Venue,Conference Center
Legal Resource Center on Violence Against Women,5.0,(3),38.975303,77.013935,Event Venue,Conference Center
Takoma Park Seventh-day Adventist Church,4.8,(51),38.974463,77.012947,Event Venue,Conference Center
"AMA Conference Center Washington, DC",4.5,(22),38.852729,77.048453,Event Venue,Conference Center
Conference Center and Historic Lobby,5.0,(2),38.848867,77.041348,Event Venue,Conference Center
NRL Conference Center,4.1,(15),38.825144,77.025511,Event Venue,Conference Center
AUSA Conference & Event Center,4.7,(30),38.890805,77.088144,Event Venue,Conference Center
Walter E. Washington Convention Center,4.5,"(8,308)",38.904883,77.022993,Event Venue,Conference Center
societyM meeting rooms Washington DC Capitol,5.0,(1),38.883739,77.019488,Event Venue,Conference Center
HQO Events,4.6,(20),38.872946,77.003987,Event Venue,Conference Center
Arena Stage at the Mead Center for American Theater,4.7,"(1,521)",38.877302,77.020138,Event Venue,Conference Center
"Holiday Inn Washington Capitol - Natl Mall, an IHG Hotel",4.1,"(4,005)",38.885564,77.019698,Event Venue,Conference Center
Constitution Center,4.5,(53),38.884049,77.02141,Event Venue,Conference Center
societyM meeting rooms Washington DC Capitol,5.0,(1),38.883739,77.019488,Event Venue,Conference Center
"Holiday Inn Washington Capitol - Natl Mall, an IHG Hotel",4.1,"(4,005)",38.885564,77.019698,Event Venue,Conference Center
Constitution Center,4.5,(53),38.884049,77.02141,Event Venue,Conference Center
International Taxpayer Rights Conference,N/A,N/A,38.885632,77.019431,Event Venue,Conference Center
Walter E. Washington Convention Center,4.5,"(8,308)",38.904883,77.022993,Event Venue,Conference Center
The White House Conference Center,4.0,(47),38.899506,77.038157,Event Venue,Conference Center
ASAE Conference Center,4.3,(12),38.901647,77.035462,Event Venue,Conference Center
20 F St. NW Conference Center & Capitol View Rooftop,4.7,(18),38.897252,77.010438,Event Venue,Conference Center
Top of the Hill Banquet & Conference Center,4.5,(22),38.891814,77.005503,Event Venue,Conference Center
Walter E. Washington Convention Center,4.5,"(8,308)",38.904883,77.022993,Event Venue,Conference Center
walter e washington convention center,N/A,N/A,38.901044,77.024948,Event Venue,Conference Center
Walter e Washington DC convention Center,N/A,N/A,38.902825,77.025879,Event Venue,Conference Center
Davinci Meeting Rooms,N/A,N/A,38.904269,77.033148,Event Venue,Conference Center
"Cambria Hotel Washington, D.C. Convention Center",4.0,"(1,949)",38.908703,77.023735,Event Venue,Conference Center
Walter E. Washington Convention Center,4.5,"(8,308)",38.904883,77.022993,Event Venue,Conference Center
ASAE Conference Center,4.3,(12),38.901647,77.035462,Event Venue,Conference Center
The White House Conference Center,4.0,(47),38.899506,77.038157,Event Venue,Conference Center
Uniforum Conference,4.0,(1),38.916378,77.045202,Event Venue,Conference Center
walter e washington convention center,N/A,N/A,38.901044,77.024948,Event Venue,Conference Center
Cramton Auditorium,4.5,(228),38.924539,77.020819,Event Venue,Conference Center
The DC Center for the LGBT Community,4.5,(15),38.917517,77.032511,Event Venue,Conference Center
Anthony Bowen Branch YMCA,3.7,(109),38.919429,77.031152,Event Venue,Conference Center
Armour J. Blackburn University Center,4.8,(6),38.923957,77.019433,Event Venue,Conference Center
Center for African Studies at Howard University,5.0,(1),38.921012,77.021702,Event Venue,Conference Center
The Festival Center,4.7,(72),38.925288,77.038022,Event Venue,Conference Center
Meridian International Center,4.8,(35),38.920454,77.037916,Event Venue,Conference Center
Better Meetings,4.9,(61),37.961329,76.699253,Event Venue,Conference Center
Cramton Auditorium,4.5,(228),38.924539,77.020819,Event Venue,Conference Center
Venture X Washington DC - Adams Morgan,4.8,(36),38.92373,77.041747,Event Venue,Conference Center
Better Meetings,4.9,(61),37.961329,76.699253,Event Venue,Conference Center
President Lincoln's Cottage,4.6,(557),38.941721,77.011845,Event Venue,Conference Center
Words Beats & Life,4.5,(8),38.93355,77.035853,Event Venue,Conference Center
The Salsa With Silvia Dance Studio,4.9,(128),38.930848,77.023719,Event Venue,Conference Center
Best Buy,4.1,"(2,538)",38.929555,77.033237,Event Venue,Conference Center
President Lincoln's Cottage,4.6,(557),38.941721,77.011845,Event Venue,Conference Center
"Motel 6 Washington, DC",2.4,"(1,017)",38.972108,77.026769,Event Venue,Conference Center
Busboys and Poets,4.4,"(2,198)",38.975128,77.015383,Event Venue,Conference Center
Legal Resource Center on Violence Against Women,5.0,(3),38.975303,77.013935,Event Venue,Conference Center
Takoma Park Seventh-day Adventist Church,4.8,(51),38.974463,77.012947,Event Venue,Conference Center
APTA Centennial Center,N/A,N/A,38.833263,77.048257,Event Venue,Conference Center
Kaiser Permanente Alexandria Medical Center,4.5,(196),38.832813,77.048202,Event Venue,Conference Center
