Arena Stage at the Mead Center for American Theater,4.7,"(1,521)",38.877302,77.020138,Event Venue,Convention Center
Constitution Center,4.5,(53),38.884049,77.02141,Event Venue,Convention Center
"Holiday Inn Washington Capitol - Natl Mall, an IHG Hotel",4.1,"(4,005)",38.885564,77.019698,Event Venue,Convention Center
Hilton Washington DC National Mall The Wharf,4.1,"(1,246)",38.883919,77.023995,Event Venue,Convention Center
Hyatt Place Washington Dc/National Mall,4.2,"(1,785)",38.882928,77.017974,Event Venue,Convention Center
Andrew W Mellon Auditorium,4.6,(209),38.892457,77.029996,Event Venue,Convention Center
Organization of American States,4.3,(678),38.892844,77.04038,Event Venue,Convention Center
Walter E. Washington Convention Center,4.5,"(8,308)",38.904883,77.022993,Event Venue,Convention Center
The White House Conference Center,4.0,(47),38.899506,77.038157,Event Venue,Convention Center
Walter e Washington DC convention Center,N/A,N/A,38.902825,77.025879,Event Venue,Convention Center
ASAE Conference Center,4.3,(12),38.901647,77.035462,Event Venue,Convention Center
walter e washington convention center,N/A,N/A,38.901044,77.024948,Event Venue,Convention Center
Walter E. Washington Convention Center,4.5,"(8,308)",38.904883,77.022993,Event Venue,Convention Center
The White House Conference Center,4.0,(47),38.899506,77.038157,Event Venue,Convention Center
Walter e Washington DC convention Center,N/A,N/A,38.902825,77.025879,Event Venue,Convention Center
ASAE Conference Center,4.3,(12),38.901647,77.035462,Event Venue,Convention Center
walter e washington convention center,N/A,N/A,38.901044,77.024948,Event Venue,Convention Center
Walter E. Washington Convention Center,4.5,"(8,308)",38.904883,77.022993,Event Venue,Convention Center
Walter e Washington DC convention Center,N/A,N/A,38.902825,77.025879,Event Venue,Convention Center
The White House Conference Center,4.0,(47),38.899506,77.038157,Event Venue,Convention Center
walter e washington convention center,N/A,N/A,38.901044,77.024948,Event Venue,Convention Center
Conference facilities,N/A,N/A,38.910495,77.043078,Event Venue,Convention Center
Washington Hilton,4.0,"(4,823)",38.916571,77.04541,Event Venue,Convention Center
Washington International Student Center,3.0,(186),38.921801,77.042027,Event Venue,Convention Center
The DC Center for the LGBT Community,4.5,(15),38.917517,77.032511,Event Venue,Convention Center
YMCA of Metropolitan Washington - Association Services Office,3.5,(15),38.919365,77.031256,Event Venue,Convention Center
Target,3.6,(933),38.929626,77.032943,Event Venue,Convention Center
Target,3.6,(933),38.929626,77.032943,Event Venue,Convention Center
Walmart Supercenter,4.1,"(7,451)",38.962092,77.0273,Event Venue,Convention Center
"AMA Conference Center Washington, DC",4.5,(22),38.852729,77.048453,Event Venue,Convention Center
American Management Association,4.5,(11),38.853066,77.048524,Event Venue,Convention Center
Renaissance Arlington Capital View Hotel,4.3,(840),38.84781,77.051426,Event Venue,Convention Center
Arena Stage at the Mead Center for American Theater,4.7,"(1,521)",38.877302,77.020138,Event Venue,Convention Center
Cambria Hotel Washington D.C. Navy Yard Riverfront,3.7,(504),38.870929,77.011016,Event Venue,Convention Center
Wharf Parking Garage 1 - 7th Street Circle Entrance,2.3,(16),38.878401,77.0236,Event Venue,Convention Center
Constitution Center,4.5,(53),38.884049,77.02141,Event Venue,Convention Center
Hilton Washington DC National Mall The Wharf,4.1,"(1,246)",38.883919,77.023995,Event Venue,Convention Center
Andrew W Mellon Auditorium,4.6,(209),38.892457,77.029996,Event Venue,Convention Center
Constitution Center,4.5,(53),38.884049,77.02141,Event Venue,Convention Center
Hilton Washington DC National Mall The Wharf,4.1,"(1,246)",38.883919,77.023995,Event Venue,Convention Center
National Archives Research Center,4.5,(699),38.892861,77.023071,Event Venue,Convention Center
Organization of American States,4.3,(678),38.892844,77.04038,Event Venue,Convention Center
Walter E. Washington Convention Center,4.5,"(8,308)",38.904883,77.022993,Event Venue,Convention Center
The White House Conference Center,4.0,(47),38.899506,77.038157,Event Venue,Convention Center
walter e washington convention center,N/A,N/A,38.901044,77.024948,Event Venue,Convention Center
Walter e Washington DC convention Center,N/A,N/A,38.902825,77.025879,Event Venue,Convention Center
ASAE Conference Center,4.3,(12),38.901647,77.035462,Event Venue,Convention Center
Walter E. Washington Convention Center,4.5,"(8,308)",38.904883,77.022993,Event Venue,Convention Center
The White House Conference Center,4.0,(47),38.899506,77.038157,Event Venue,Convention Center
Walter e Washington DC convention Center,N/A,N/A,38.902825,77.025879,Event Venue,Convention Center
walter e washington convention center,N/A,N/A,38.901044,77.024948,Event Venue,Convention Center
ASAE Conference Center,4.3,(12),38.901647,77.035462,Event Venue,Convention Center
"Cambria Hotel Washington, D.C. Convention Center",4.0,"(1,949)",38.908703,77.023735,Event Venue,Convention Center
"Holiday Inn Washington-Central/White House, an IHG Hotel",4.1,"(1,554)",38.908056,77.034944,Event Venue,Convention Center
Viceroy Washington DC,4.4,(343),38.908155,77.032923,Event Venue,Convention Center
NCAI Policy Research Center,2.7,(3),38.909459,77.035366,Event Venue,Convention Center
District hotel,3.0,(726),38.908005,77.03323,Event Venue,Convention Center
Conference facilities,N/A,N/A,38.910495,77.043078,Event Venue,Convention Center
Paradigm Event Management,5.0,(1),38.912934,77.043155,Event Venue,Convention Center
Agu Conference Center,4.9,(9),38.914652,77.045149,Event Venue,Convention Center
Washington Hilton,4.0,"(4,823)",38.916571,77.04541,Event Venue,Convention Center
Washington International Student Center,3.0,(186),38.921801,77.042027,Event Venue,Convention Center
YMCA of Metropolitan Washington - Association Services Office,3.5,(15),38.919365,77.031256,Event Venue,Convention Center
Target,3.6,(933),38.929626,77.032943,Event Venue,Convention Center
Walmart Supercenter,4.1,"(7,451)",38.962092,77.0273,Event Venue,Convention Center
Walter E. Washington Convention Center,4.5,"(8,308)",38.904883,77.022993,Event Venue,Convention Center
AUSA Conference & Event Center,4.7,(30),38.890805,77.088144,Event Venue,Convention Center
Cooperative Plaza Conference Center,4.8,(4),38.880511,77.112936,Event Venue,Convention Center
"AMA Conference Center Washington, DC",4.5,(22),38.852729,77.048453,Event Venue,Convention Center
Capitol View Conference Center,5.0,(2),38.892681,77.013121,Event Venue,Convention Center
Cambria Hotel Washington D.C. Navy Yard Riverfront,3.7,(504),38.870929,77.011016,Event Venue,Convention Center
Arena Stage at the Mead Center for American Theater,4.7,"(1,521)",38.877302,77.020138,Event Venue,Convention Center
Constitution Center,4.5,(53),38.884049,77.02141,Event Venue,Convention Center
"Holiday Inn Washington Capitol - Natl Mall, an IHG Hotel",4.1,"(4,005)",38.885564,77.019698,Event Venue,Convention Center
AC Hotel Washington DC Capitol Hill Navy Yard,4.1,(285),38.879983,77.006141,Event Venue,Convention Center
Cambria Hotel Washington D.C. Navy Yard Riverfront,3.7,(504),38.870929,77.011016,Event Venue,Convention Center
Andrew W Mellon Auditorium,4.6,(209),38.892457,77.029996,Event Venue,Convention Center
Constitution Center,4.5,(53),38.884049,77.02141,Event Venue,Convention Center
"Holiday Inn Washington Capitol - Natl Mall, an IHG Hotel",4.1,"(4,005)",38.885564,77.019698,Event Venue,Convention Center
Hilton Washington DC National Mall The Wharf,4.1,"(1,246)",38.883919,77.023995,Event Venue,Convention Center
National Archives Research Center,4.5,(699),38.892861,77.023071,Event Venue,Convention Center
Walter E. Washington Convention Center,4.5,"(8,308)",38.904883,77.022993,Event Venue,Convention Center
The White House Conference Center,4.0,(47),38.899506,77.038157,Event Venue,Convention Center
walter e washington convention center,N/A,N/A,38.901044,77.024948,Event Venue,Convention Center
Walter e Washington DC convention Center,N/A,N/A,38.902825,77.025879,Event Venue,Convention Center
Capitol View Conference Center,5.0,(2),38.892681,77.013121,Event Venue,Convention Center
Walter E. Washington Convention Center,4.5,"(8,308)",38.904883,77.022993,Event Venue,Convention Center
The White House Conference Center,4.0,(47),38.899506,77.038157,Event Venue,Convention Center
Walter e Washington DC convention Center,N/A,N/A,38.902825,77.025879,Event Venue,Convention Center
walter e washington convention center,N/A,N/A,38.901044,77.024948,Event Venue,Convention Center
ASAE Conference Center,4.3,(12),38.901647,77.035462,Event Venue,Convention Center
Walter E. Washington Convention Center,4.5,"(8,308)",38.904883,77.022993,Event Venue,Convention Center
Walter e Washington DC convention Center,N/A,N/A,38.902825,77.025879,Event Venue,Convention Center
Conference facilities,N/A,N/A,38.910495,77.043078,Event Venue,Convention Center
Paradigm Event Management,5.0,(1),38.912934,77.043155,Event Venue,Convention Center
"Convention Center Dock HALLS: A,B,C",N/A,N/A,38.905677,77.022706,Event Venue,Convention Center
The DC Center for the LGBT Community,4.5,(15),38.917517,77.032511,Event Venue,Convention Center
YMCA of Metropolitan Washington - Association Services Office,3.5,(15),38.919365,77.031256,Event Venue,Convention Center
Washington International Student Center,3.0,(186),38.921801,77.042027,Event Venue,Convention Center
YMCA of Metropolitan Washington - Association Services Office,3.5,(15),38.919365,77.031256,Event Venue,Convention Center
Target,3.6,(933),38.929626,77.032943,Event Venue,Convention Center
Target,3.6,(933),38.929626,77.032943,Event Venue,Convention Center
Walmart Supercenter,4.1,"(7,451)",38.962092,77.0273,Event Venue,Convention Center
Walmart Supercenter,4.1,"(7,451)",38.962092,77.0273,Event Venue,Convention Center
Cambria Hotel Washington D.C. Navy Yard Riverfront,3.7,(504),38.870929,77.011016,Event Venue,Convention Center
Cambria Hotel Washington D.C. Navy Yard Riverfront,3.7,(504),38.870929,77.011016,Event Venue,Convention Center
