Love panjab clothing store,5.0,(40),30.682943,76.743136,Shop,Clothing
B-TOWN,4.5,(79),30.686567,76.738961,Shop,Clothing
SWAG Clothing,4.1,(8),30.692699,76.734255,Shop,Clothing
Classic,4.3,(27),30.686833,76.738761,Shop,Clothing
Multistore,4.5,(24),30.680941,76.744602,Shop,Clothing
Brown virsa boutique,4.6,(10),30.695332,76.738311,Shop,Clothing
V-FASHION MART,4.0,(23),30.692461,76.743871,Shop,Clothing
Mee’s corner,5.0,(25),30.697502,76.75517,Shop,Clothing
SockSoho,4.8,(266),30.70033,76.751046,Shop,Clothing
"Pehrawa Boutique; ladies Boutique in Mohali, Kharar, Chandigarh",4.4,(104),30.691625,76.738683,Shop,Clothing
SockSoho,4.8,(266),30.70033,76.751046,Shop,Clothing
Auzy Fabrications,4.9,(26),30.707548,76.751653,Shop,Clothing
Sukhmani Collections,5.0,(1),N/A,N/A,Shop,Clothing
ESS PEE WOOLS,4.3,(23),30.705385,76.757597,Shop,Clothing
Neha Boutique,4.8,(4),30.70446,76.756176,Shop,Clothing
Sunder Emporium | Womens clothing store in Chandigarh | Ethnic Wear Store in Chandigarh,4.9,(527),30.724774,76.759358,Shop,Clothing
planet Fashion,4.5,(2),30.726162,76.759622,Shop,Clothing
Fashion Shoppe,4.5,(13),30.724699,76.759414,Shop,Clothing
Ruby Clothing Co,4.6,(11),30.705768,76.758296,Shop,Clothing
THE RAYMOND SHOP,4.5,(123),30.7023,76.727408,Shop,Clothing
Sunder Emporium | Womens clothing store in Chandigarh | Ethnic Wear Store in Chandigarh,4.9,(527),30.724774,76.759358,Shop,Clothing
Fashion Shoppe,4.5,(13),30.724699,76.759414,Shop,Clothing
planet Fashion,4.5,(2),30.726162,76.759622,Shop,Clothing
"Kuldeep Emporium|Best Bridal & Ethnic wear store for designer suits , lehngas and dresses",4.9,(169),30.724621,76.759806,Shop,Clothing
Jockey Exclusive Store,4.4,(353),30.720236,76.758028,Shop,Clothing
Sunder Emporium | Womens clothing store in Chandigarh | Ethnic Wear Store in Chandigarh,4.9,(527),30.724774,76.759358,Shop,Clothing
SJ Style & Store,5.0,(12),30.737058,76.749362,Shop,Clothing
A.S CLOTHING,4.0,(2),30.737039,76.749364,Shop,Clothing
Fashion Shoppe,4.5,(13),30.724699,76.759414,Shop,Clothing
Kaur Fashions,4.9,(24),30.736519,76.744736,Shop,Clothing
SJ Style & Store,5.0,(12),30.737058,76.749362,Shop,Clothing
A.S CLOTHING,4.0,(2),30.737039,76.749364,Shop,Clothing
Kaur Fashions,4.9,(24),30.736519,76.744736,Shop,Clothing
Elegant Dresses & Boutique,5.0,(1),30.73258,76.735169,Shop,Clothing
Zenith Retails,4.9,(16),30.737003,76.749297,Shop,Clothing
Love panjab clothing store,5.0,(40),30.682943,76.743136,Shop,Clothing
B-TOWN,4.5,(79),30.686567,76.738961,Shop,Clothing
MOOCH GARMENTS,4.6,(15),30.684129,76.76058,Shop,Clothing
SWAG Clothing,4.1,(8),30.692699,76.734255,Shop,Clothing
Classic,4.3,(27),30.686833,76.738761,Shop,Clothing
fashion Street,4.3,(76),30.700439,76.764851,Shop,Clothing
SWAG Clothing,4.1,(8),30.692699,76.734255,Shop,Clothing
Mee’s corner,5.0,(25),30.697502,76.75517,Shop,Clothing
Fashion Lounge,4.8,(12),30.704252,76.726081,Shop,Clothing
B-TOWN,4.5,(79),30.686567,76.738961,Shop,Clothing
Ruby Clothing Co,4.6,(11),30.705768,76.758296,Shop,Clothing
fashion Street,4.3,(76),30.700439,76.764851,Shop,Clothing
Cobb Apparels Chandigarh,4.9,(30),30.704908,76.758374,Shop,Clothing
Advik Enterprises,5.0,(27),30.703938,76.75916,Shop,Clothing
A TO Z COLLECTIONS (Wholesale Only),4.6,(82),30.709038,76.7579,Shop,Clothing
Ruby Clothing Co,4.6,(11),30.705768,76.758296,Shop,Clothing
Jockey Exclusive Store,4.4,(353),30.720236,76.758028,Shop,Clothing
Sunder Emporium | Womens clothing store in Chandigarh | Ethnic Wear Store in Chandigarh,4.9,(527),30.724774,76.759358,Shop,Clothing
Dugga Dugga,5.0,(1),30.718706,76.765195,Shop,Clothing
Clothing stor Chandigarh,5.0,(1),30.71477,76.751669,Shop,Clothing
Sunder Emporium | Womens clothing store in Chandigarh | Ethnic Wear Store in Chandigarh,4.9,(527),30.724774,76.759358,Shop,Clothing
Fashion Shoppe,4.5,(13),30.724699,76.759414,Shop,Clothing
"Kuldeep Emporium|Best Bridal & Ethnic wear store for designer suits , lehngas and dresses",4.9,(169),30.724621,76.759806,Shop,Clothing
planet Fashion,4.5,(2),30.726162,76.759622,Shop,Clothing
Vastram - Glorifying Women,4.9,(76),30.724554,76.760069,Shop,Clothing
Sunder Emporium | Womens clothing store in Chandigarh | Ethnic Wear Store in Chandigarh,4.9,(527),30.724774,76.759358,Shop,Clothing
SJ Style & Store,5.0,(12),30.737058,76.749362,Shop,Clothing
A.S CLOTHING,4.0,(2),30.737039,76.749364,Shop,Clothing
Fashion Shoppe,4.5,(13),30.724699,76.759414,Shop,Clothing
"Kuldeep Emporium|Best Bridal & Ethnic wear store for designer suits , lehngas and dresses",4.9,(169),30.724621,76.759806,Shop,Clothing
SJ Style & Store,5.0,(12),30.737058,76.749362,Shop,Clothing
A.S CLOTHING,4.0,(2),30.737039,76.749364,Shop,Clothing
JAAS NEER - Best Men Clothing Shop in Chandigarh |Men Accessories Store in Chandigarh,4.9,(8),30.737521,76.765724,Shop,Clothing
Kaur Fashions,4.9,(24),30.736519,76.744736,Shop,Clothing
Elegant Dresses & Boutique,5.0,(1),30.73258,76.735169,Shop,Clothing
Love panjab clothing store,5.0,(40),30.682943,76.743136,Shop,Clothing
fashion Street,4.3,(76),30.700439,76.764851,Shop,Clothing
MOOCH GARMENTS,4.6,(15),30.684129,76.76058,Shop,Clothing
Multistore,4.5,(24),30.680941,76.744602,Shop,Clothing
The Black Lady,4.7,(6),30.682986,76.745307,Shop,Clothing
fashion Street,4.3,(76),30.700439,76.764851,Shop,Clothing
Mee’s corner,5.0,(25),30.697502,76.75517,Shop,Clothing
B-TOWN,4.5,(79),30.686567,76.738961,Shop,Clothing
Ruby Clothing Co,4.6,(11),30.705768,76.758296,Shop,Clothing
V-FASHION MART,4.0,(23),30.692461,76.743871,Shop,Clothing
Ruby Clothing Co,4.6,(11),30.705768,76.758296,Shop,Clothing
fashion Street,4.3,(76),30.700439,76.764851,Shop,Clothing
VAGISHA FASHION,4.9,(73),30.705768,76.758296,Shop,Clothing
Cobb Apparels Chandigarh,4.9,(30),30.704908,76.758374,Shop,Clothing
Advik Enterprises,5.0,(27),30.703938,76.75916,Shop,Clothing
Sham Fashion Mall,4.1,"(3,984)",30.721568,76.771563,Shop,Clothing
Ruby Clothing Co,4.6,(11),30.705768,76.758296,Shop,Clothing
Jockey Exclusive Store,4.4,(353),30.720236,76.758028,Shop,Clothing
Sunder Emporium | Womens clothing store in Chandigarh | Ethnic Wear Store in Chandigarh,4.9,(527),30.724774,76.759358,Shop,Clothing
Dugga Dugga,5.0,(1),30.718706,76.765195,Shop,Clothing
Sunder Emporium | Womens clothing store in Chandigarh | Ethnic Wear Store in Chandigarh,4.9,(527),30.724774,76.759358,Shop,Clothing
Sham Fashion Mall,4.1,"(3,984)",30.721568,76.771563,Shop,Clothing
Fashion Shoppe,4.5,(13),30.724699,76.759414,Shop,Clothing
"Kuldeep Emporium|Best Bridal & Ethnic wear store for designer suits , lehngas and dresses",4.9,(169),30.724621,76.759806,Shop,Clothing
planet Fashion,4.5,(2),30.726162,76.759622,Shop,Clothing
TRENDWOOD CLOTHING,4.9,(13),30.731973,76.770787,Shop,Clothing
Sunder Emporium | Womens clothing store in Chandigarh | Ethnic Wear Store in Chandigarh,4.9,(527),30.724774,76.759358,Shop,Clothing
A.S CLOTHING,4.0,(2),30.737039,76.749364,Shop,Clothing
Fashion Shoppe,4.5,(13),30.724699,76.759414,Shop,Clothing
JAAS NEER - Best Men Clothing Shop in Chandigarh |Men Accessories Store in Chandigarh,4.9,(8),30.737521,76.765724,Shop,Clothing
TRENDWOOD CLOTHING,4.9,(13),30.731973,76.770787,Shop,Clothing
SJ Style & Store,5.0,(12),30.737058,76.749362,Shop,Clothing
A.S CLOTHING,4.0,(2),30.737039,76.749364,Shop,Clothing
JAAS NEER - Best Men Clothing Shop in Chandigarh |Men Accessories Store in Chandigarh,4.9,(8),30.737521,76.765724,Shop,Clothing
Fashion Hub-23,4.5,(32),30.737353,76.766199,Shop,Clothing
Love panjab clothing store,5.0,(40),30.682943,76.743136,Shop,Clothing
MOOCH GARMENTS,4.6,(15),30.684129,76.76058,Shop,Clothing
Multistore,4.5,(24),30.680941,76.744602,Shop,Clothing
The Black Lady,4.7,(6),30.682986,76.745307,Shop,Clothing
Queen fashion house,5.0,(1),30.683299,76.76359,Shop,Clothing
fashion Street,4.3,(76),30.700439,76.764851,Shop,Clothing
Mee’s corner,5.0,(25),30.697502,76.75517,Shop,Clothing
Ruby Clothing Co,4.6,(11),30.705768,76.758296,Shop,Clothing
Fashion Hub,4.6,(5),30.699739,76.766301,Shop,Clothing
Love panjab clothing store,5.0,(40),30.682943,76.743136,Shop,Clothing
