Ambarsariya Grocery Shop,4.3,(27),30.690235,76.744159,Shop,Convenience Store
"Sri Sri Divine Shop, TOK Mohali",5.0,(5),30.689026,76.72896,Shop,Convenience Store
Mamta enterprises,N/A,N/A,30.679491,76.765428,Shop,Convenience Store
Common Service Center (CSC),4.6,(18),30.687064,76.764481,Shop,Convenience Store
GoMechanic - Car Mechanic Chandigarh,3.7,(38),30.687016,76.758758,Shop,Convenience Store
Jain Super Mart,5.0,(16),30.704464,76.728572,Shop,Convenience Store
Singla Store Best Pharmacy/medical/chemists store in chandigarh sector 45,4.8,(4),30.704855,76.759784,Shop,Convenience Store
24SEVEN,3.6,(87),30.720602,76.758512,Shop,Convenience Store
Clock Owl,5.0,(10),30.734566,76.752291,Shop,Convenience Store
Madan General Store,3.8,(4),N/A,N/A,Shop,Convenience Store
Clock Owl,4.0,(1),30.734591,76.752298,Shop,Convenience Store
Toy store,4.0,(1),30.732481,76.764491,Shop,Convenience Store
New Shop,5.0,(1),30.737165,76.755486,Shop,Convenience Store
Clock Owl,5.0,(10),30.734566,76.752291,Shop,Convenience Store
24SEVEN,3.9,(69),30.746482,76.742949,Shop,Convenience Store
Madan General Store,3.8,(4),N/A,N/A,Shop,Convenience Store
Clock Owl,4.0,(1),30.734591,76.752298,Shop,Convenience Store
24SEVEN,3.9,(69),30.746482,76.742949,Shop,Convenience Store
New Shop,5.0,(1),30.737165,76.755486,Shop,Convenience Store
Clock Owl,5.0,(10),30.734566,76.752291,Shop,Convenience Store
Madan General Store,3.8,(4),N/A,N/A,Shop,Convenience Store
Clock Owl,4.0,(1),30.734591,76.752298,Shop,Convenience Store
Singla Store,4.2,"(1,118)",30.695747,76.768529,Shop,Convenience Store
Ambarsariya Grocery Shop,4.3,(27),30.690235,76.744159,Shop,Convenience Store
Mamta enterprises,N/A,N/A,30.679491,76.765428,Shop,Convenience Store
Common Service Center (CSC),4.6,(18),30.687064,76.764481,Shop,Convenience Store
GoMechanic - Car Mechanic Chandigarh,3.7,(38),30.687016,76.758758,Shop,Convenience Store
24SEVEN,2.9,(15),30.716274,76.773186,Shop,Convenience Store
Singla Store,4.2,"(1,118)",30.695747,76.768529,Shop,Convenience Store
Chirag Departmental Store,3.4,(32),30.713826,76.768798,Shop,Convenience Store
Bansal Namkeen & sweets,4.0,(30),30.709526,76.773899,Shop,Convenience Store
Singla Store Best Pharmacy/medical/chemists store in chandigarh sector 45,4.8,(4),30.704855,76.759784,Shop,Convenience Store
24SEVEN,3.6,(87),30.720602,76.758512,Shop,Convenience Store
Clock Owl,5.0,(10),30.734566,76.752291,Shop,Convenience Store
Madan General Store,3.8,(4),N/A,N/A,Shop,Convenience Store
Clock Owl,4.0,(1),30.734591,76.752298,Shop,Convenience Store
24SEVEN,2.9,(15),30.716274,76.773186,Shop,Convenience Store
New Shop,5.0,(1),30.737165,76.755486,Shop,Convenience Store
Clock Owl,5.0,(10),30.734566,76.752291,Shop,Convenience Store
24SEVEN,3.9,(69),30.746482,76.742949,Shop,Convenience Store
Madan General Store,3.8,(4),N/A,N/A,Shop,Convenience Store
Clock Owl,4.0,(1),30.734591,76.752298,Shop,Convenience Store
24SEVEN,3.9,(69),30.746482,76.742949,Shop,Convenience Store
New Shop,5.0,(1),30.737165,76.755486,Shop,Convenience Store
Clock Owl,5.0,(10),30.734566,76.752291,Shop,Convenience Store
Madan General Store,3.8,(4),N/A,N/A,Shop,Convenience Store
Clock Owl,4.0,(1),30.734591,76.752298,Shop,Convenience Store
Singla Store,4.2,"(1,118)",30.695747,76.768529,Shop,Convenience Store
Ambarsariya Grocery Shop,4.3,(27),30.690235,76.744159,Shop,Convenience Store
Mamta enterprises,N/A,N/A,30.679491,76.765428,Shop,Convenience Store
Common Service Center (CSC),4.6,(18),30.687064,76.764481,Shop,Convenience Store
GoMechanic - Car Mechanic Chandigarh,3.7,(38),30.687016,76.758758,Shop,Convenience Store
Singla Store,4.2,"(1,118)",30.695747,76.768529,Shop,Convenience Store
Ambarsariya Grocery Shop,4.3,(27),30.690235,76.744159,Shop,Convenience Store
Singla Store Best Pharmacy/medical/chemists store in chandigarh sector 45,4.8,(4),30.704855,76.759784,Shop,Convenience Store
Common Service Center (CSC),4.6,(18),30.687064,76.764481,Shop,Convenience Store
GoMechanic - Car Mechanic Chandigarh,3.7,(38),30.687016,76.758758,Shop,Convenience Store
Singla Store Best Pharmacy/medical/chemists store in chandigarh sector 45,4.8,(4),30.704855,76.759784,Shop,Convenience Store
24SEVEN,3.6,(87),30.720602,76.758512,Shop,Convenience Store
24SEVEN,2.9,(15),30.716274,76.773186,Shop,Convenience Store
Chirag Departmental Store,3.4,(32),30.713826,76.768798,Shop,Convenience Store
Bansal Namkeen & sweets,4.0,(30),30.709526,76.773899,Shop,Convenience Store
Singla Store Best Pharmacy/medical/chemists store in chandigarh sector 45,4.8,(4),30.704855,76.759784,Shop,Convenience Store
24SEVEN,3.6,(87),30.720602,76.758512,Shop,Convenience Store
Miniso,3.7,(58),30.721032,76.759301,Shop,Convenience Store
Jagat Singh & Sons Agencies,4.5,(310),30.728026,76.770355,Shop,Convenience Store
KIWI Kisan Window - Organic Grocery Store | Healthy Salads & Juices,4.7,(166),30.720274,76.77034,Shop,Convenience Store
Sitaram pan shop,N/A,N/A,30.728447,76.767412,Shop,Convenience Store
New Shop,5.0,(1),30.737165,76.755486,Shop,Convenience Store
Clock Owl,5.0,(10),30.734566,76.752291,Shop,Convenience Store
24SEVEN,3.9,(69),30.746482,76.742949,Shop,Convenience Store
Madan General Store,3.8,(4),N/A,N/A,Shop,Convenience Store
Clock Owl,4.0,(1),30.734591,76.752298,Shop,Convenience Store
24SEVEN,3.9,(69),30.746482,76.742949,Shop,Convenience Store
New Shop,5.0,(1),30.737165,76.755486,Shop,Convenience Store
Clock Owl,5.0,(10),30.734566,76.752291,Shop,Convenience Store
Madan General Store,3.8,(4),N/A,N/A,Shop,Convenience Store
Clock Owl,4.0,(1),30.734591,76.752298,Shop,Convenience Store
Common Service Center (CSC),4.6,(18),30.687064,76.764481,Shop,Convenience Store
GoMechanic - Car Mechanic Chandigarh,3.7,(38),30.687016,76.758758,Shop,Convenience Store
Singla Store,4.2,"(1,118)",30.695747,76.768529,Shop,Convenience Store
Singla Store Best Pharmacy/medical/chemists store in chandigarh sector 45,4.8,(4),30.704855,76.759784,Shop,Convenience Store
Common Service Center (CSC),4.6,(18),30.687064,76.764481,Shop,Convenience Store
GoMechanic - Car Mechanic Chandigarh,3.7,(38),30.687016,76.758758,Shop,Convenience Store
GoMechanic Luxe - Multibrand Luxury Car Workshop,3.6,(7),30.707126,76.775888,Shop,Convenience Store
Bansal Namkeen & sweets,4.0,(30),30.709526,76.773899,Shop,Convenience Store
Singla Store Best Pharmacy/medical/chemists store in chandigarh sector 45,4.8,(4),30.704855,76.759784,Shop,Convenience Store
J.D. Mart,4.0,(2),30.710514,76.772413,Shop,Convenience Store
GoMechanic Luxe - Multibrand Luxury Car Workshop,3.6,(7),30.707126,76.775888,Shop,Convenience Store
24SEVEN,3.6,(87),30.720602,76.758512,Shop,Convenience Store
24SEVEN,2.9,(15),30.716274,76.773186,Shop,Convenience Store
Chirag Departmental Store,3.4,(32),30.713826,76.768798,Shop,Convenience Store
Bansal Namkeen & sweets,4.0,(30),30.709526,76.773899,Shop,Convenience Store
Singla Store Best Pharmacy/medical/chemists store in chandigarh sector 45,4.8,(4),30.704855,76.759784,Shop,Convenience Store
24SEVEN,3.6,(87),30.720602,76.758512,Shop,Convenience Store
24SEVEN,2.9,(15),30.716274,76.773186,Shop,Convenience Store
Miniso,3.7,(58),30.721032,76.759301,Shop,Convenience Store
Jagat Singh & Sons Agencies,4.5,(310),30.728026,76.770355,Shop,Convenience Store
KIWI Kisan Window - Organic Grocery Store | Healthy Salads & Juices,4.7,(166),30.720274,76.77034,Shop,Convenience Store
24SEVEN,3.6,(87),30.720602,76.758512,Shop,Convenience Store
Clock Owl,5.0,(10),30.734566,76.752291,Shop,Convenience Store
New Shop,5.0,(1),30.737165,76.755486,Shop,Convenience Store
Madan General Store,3.8,(4),N/A,N/A,Shop,Convenience Store
Clock Owl,4.0,(1),30.734591,76.752298,Shop,Convenience Store
Sai Confectioners,3.0,(1),30.744268,76.774782,Shop,Convenience Store
