Sagar Sanitary & Hardware Store.,4.6,(23),30.686107,76.739084,Shop,Hardware Store
Babbar Enterprises,4.3,(33),30.694544,76.732722,Shop,Hardware Store
Amrit Enterprises,4.5,(15),30.690099,76.725976,Shop,Hardware Store
Laxmi Hardware & Sanitary Mohit,4.2,(5),30.694564,76.732706,Shop,Hardware Store
Garg Enterprises,4.6,(29),30.686783,76.738647,Shop,Hardware Store
Punjab Sanitary & Hardware Sales,4.6,(12),30.702086,76.727512,Shop,Hardware Store
Babbar Enterprises,4.3,(33),30.694544,76.732722,Shop,Hardware Store
Amrit Enterprises,4.5,(15),30.690099,76.725976,Shop,Hardware Store
Laxmi Hardware & Sanitary Mohit,4.2,(5),30.694564,76.732706,Shop,Hardware Store
Malhotra Building Store,3.8,(5),30.69403,76.732678,Shop,Hardware Store
Maharaja Hardware Store,4.3,(23),30.711983,76.73196,Shop,Hardware Store
Mohinder Ki Dukaan | Hardware - Sanutary - Paints |,4.1,(175),30.711389,76.752867,Shop,Hardware Store
Punjab Sanitary & Hardware Sales,4.6,(12),30.702086,76.727512,Shop,Hardware Store
Singh Hardware Sanitary & Electrical Store,4.1,(13),30.706505,76.757598,Shop,Hardware Store
Rajindra Paint And Hardware Store,3.8,(5),30.705164,76.757617,Shop,Hardware Store
Maharaja Hardware Store,4.3,(23),30.711983,76.73196,Shop,Hardware Store
Mohinder Ki Dukaan | Hardware - Sanutary - Paints |,4.1,(175),30.711389,76.752867,Shop,Hardware Store
Ram Hardware Store,4.0,(2),30.716608,76.735454,Shop,Hardware Store
Bunny Paint & Hardware Store,N/A,N/A,30.713457,76.739477,Shop,Hardware Store
Singh Hardware Sanitary & Electrical Store,4.1,(13),30.706505,76.757598,Shop,Hardware Store
Neelam Hardware Store,4.6,(21),30.726005,76.758477,Shop,Hardware Store
Gupta Hardware store,4.0,(1),30.726812,76.750829,Shop,Hardware Store
sharma sanitary & hardware store,4.9,(8),30.72798,76.749338,Shop,Hardware Store
Ram Hardware Store,4.0,(2),30.716608,76.735454,Shop,Hardware Store
A. K. Trading Company,4.3,(35),30.727835,76.750025,Shop,Hardware Store
Luxmi Paints & Hardware Store (BUNTY HARDWARE),4.3,(256),30.733462,76.73714,Shop,Hardware Store
Neelam Hardware Store,4.6,(21),30.726005,76.758477,Shop,Hardware Store
Gupta Hardware store,4.0,(1),30.726812,76.750829,Shop,Hardware Store
sharma sanitary & hardware store,4.9,(8),30.72798,76.749338,Shop,Hardware Store
Mahabir Hardware store,N/A,N/A,30.733922,76.752745,Shop,Hardware Store
Luxmi Paints & Hardware Store (BUNTY HARDWARE),4.3,(256),30.733462,76.73714,Shop,Hardware Store
Gupta Hardware store,4.0,(1),30.726812,76.750829,Shop,Hardware Store
Mahabir Hardware store,N/A,N/A,30.733922,76.752745,Shop,Hardware Store
sharma sanitary & hardware store,4.9,(8),30.72798,76.749338,Shop,Hardware Store
Suresh Paint And Hardware Store,4.5,(2),30.732852,76.73944,Shop,Hardware Store
Sagar Sanitary & Hardware Store.,4.6,(23),30.686107,76.739084,Shop,Hardware Store
Babbar Enterprises,4.3,(33),30.694544,76.732722,Shop,Hardware Store
Laxmi Hardware & Sanitary Mohit,4.2,(5),30.694564,76.732706,Shop,Hardware Store
Jain Paint & Hardware Store,4.8,(12),30.683814,76.760742,Shop,Hardware Store
Garg Enterprises,4.6,(29),30.686783,76.738647,Shop,Hardware Store
Bhagwati sales (Hardware &Sanitary),5.0,(97),30.696172,76.764492,Shop,Hardware Store
Babbar Enterprises,4.3,(33),30.694544,76.732722,Shop,Hardware Store
Laxmi Hardware & Sanitary Mohit,4.2,(5),30.694564,76.732706,Shop,Hardware Store
Malhotra Building Store,3.8,(5),30.69403,76.732678,Shop,Hardware Store
Shree Ram Sanitary Store,5.0,"(1,229)",30.694759,76.732718,Shop,Hardware Store
K.D HARDWARE STORE,4.8,(117),30.709681,76.762058,Shop,Hardware Store
Mohinder Ki Dukaan | Hardware - Sanutary - Paints |,4.1,(175),30.711389,76.752867,Shop,Hardware Store
Singh Hardware Sanitary & Electrical Store,4.1,(13),30.706505,76.757598,Shop,Hardware Store
Krishna Hardware,4.4,(54),30.705535,76.763212,Shop,Hardware Store
Maharaja Hardware Store,4.3,(23),30.711983,76.73196,Shop,Hardware Store
K.D HARDWARE STORE,4.8,(117),30.709681,76.762058,Shop,Hardware Store
Maharaja Hardware Store,4.3,(23),30.711983,76.73196,Shop,Hardware Store
Mohinder Ki Dukaan | Hardware - Sanutary - Paints |,4.1,(175),30.711389,76.752867,Shop,Hardware Store
Ram Hardware Store,4.0,(2),30.716608,76.735454,Shop,Hardware Store
Shri Maa Mansa Traders | Ozone Dealer,4.4,(9),30.706829,76.764037,Shop,Hardware Store
Neelam Hardware Store,4.6,(21),30.726005,76.758477,Shop,Hardware Store
Gupta Hardware store,4.0,(1),30.726812,76.750829,Shop,Hardware Store
sharma sanitary & hardware store,4.9,(8),30.72798,76.749338,Shop,Hardware Store
Ram Hardware Store,4.0,(2),30.716608,76.735454,Shop,Hardware Store
A. K. Trading Company,4.3,(35),30.727835,76.750025,Shop,Hardware Store
Luxmi Paints & Hardware Store (BUNTY HARDWARE),4.3,(256),30.733462,76.73714,Shop,Hardware Store
Neelam Hardware Store,4.6,(21),30.726005,76.758477,Shop,Hardware Store
Gupta Hardware store,4.0,(1),30.726812,76.750829,Shop,Hardware Store
sharma sanitary & hardware store,4.9,(8),30.72798,76.749338,Shop,Hardware Store
Mahabir Hardware store,N/A,N/A,30.733922,76.752745,Shop,Hardware Store
Mahabir Hardware store,N/A,N/A,30.733922,76.752745,Shop,Hardware Store
M/S Garg Brothers Agency,4.2,(5),30.738071,76.748879,Shop,Hardware Store
Vapore Bath - Steam Generator | Jacuzzi Bath Tub | Toughened Glass,4.8,(71),30.744856,76.744569,Shop,Hardware Store
TechGen Computers - Sale | Purchase | Repairing,4.3,(12),30.744554,76.744235,Shop,Hardware Store
Sagar Sanitary & Hardware Store.,4.6,(23),30.686107,76.739084,Shop,Hardware Store
Jain Paint & Hardware Store,4.8,(12),30.683814,76.760742,Shop,Hardware Store
Garg Enterprises,4.6,(29),30.686783,76.738647,Shop,Hardware Store
Sudarshan Lal Arun Kumar,4.1,(13),30.694546,76.770483,Shop,Hardware Store
Bhagwati sales (Hardware &Sanitary),5.0,(97),30.696172,76.764492,Shop,Hardware Store
Bhagwati sales (Hardware &Sanitary),5.0,(97),30.696172,76.764492,Shop,Hardware Store
Premchand Dinesh Kumar,5.0,(1),30.699868,76.750966,Shop,Hardware Store
KK Electrical | Ozone Hardware Dealer,N/A,N/A,30.699892,76.750994,Shop,Hardware Store
Sudarshan Lal Arun Kumar,4.1,(13),30.694546,76.770483,Shop,Hardware Store
Onkar Furniture Industry | Ozone Hardware Dealer,N/A,N/A,30.699806,76.750891,Shop,Hardware Store
K.D HARDWARE STORE,4.8,(117),30.709681,76.762058,Shop,Hardware Store
Mohinder Ki Dukaan | Hardware - Sanutary - Paints |,4.1,(175),30.711389,76.752867,Shop,Hardware Store
Singh Hardware Sanitary & Electrical Store,4.1,(13),30.706505,76.757598,Shop,Hardware Store
Krishna Hardware,4.4,(54),30.705535,76.763212,Shop,Hardware Store
Vikas Sales,4.7,(132),30.706716,76.764001,Shop,Hardware Store
K.D HARDWARE STORE,4.8,(117),30.709681,76.762058,Shop,Hardware Store
Mohinder Ki Dukaan | Hardware - Sanutary - Paints |,4.1,(175),30.711389,76.752867,Shop,Hardware Store
Shri Maa Mansa Traders | Ozone Dealer,4.4,(9),30.706829,76.764037,Shop,Hardware Store
Vikas Sales,4.7,(132),30.706716,76.764001,Shop,Hardware Store
Ess Hardware Store,N/A,N/A,30.7096,76.763839,Shop,Hardware Store
Neelam Hardware Store,4.6,(21),30.726005,76.758477,Shop,Hardware Store
Subhash Paints & Hardware Store,4.8,(51),30.72874,76.771467,Shop,Hardware Store
Gupta Hardware store,4.0,(1),30.726812,76.750829,Shop,Hardware Store
sharma sanitary & hardware store,4.9,(8),30.72798,76.749338,Shop,Hardware Store
A. K. Trading Company,4.3,(35),30.727835,76.750025,Shop,Hardware Store
Neelam Hardware Store,4.6,(21),30.726005,76.758477,Shop,Hardware Store
Subhash Paints & Hardware Store,4.8,(51),30.72874,76.771467,Shop,Hardware Store
Gupta Hardware store,4.0,(1),30.726812,76.750829,Shop,Hardware Store
sharma sanitary & hardware store,4.9,(8),30.72798,76.749338,Shop,Hardware Store
Mahabir Hardware store,N/A,N/A,30.733922,76.752745,Shop,Hardware Store
Ramgarhia Hardware Store,4.8,(14),30.751477,76.772536,Shop,Hardware Store
BHARAT HARDWARE STORE,3.8,(25),30.72937,76.772214,Shop,Hardware Store
Gupta Hardware store,4.0,(1),30.726812,76.750829,Shop,Hardware Store
Subhash Paints & Hardware Store,4.8,(51),30.72874,76.771467,Shop,Hardware Store
Prem hardware shop(prem lime),3.4,(9),30.751503,76.773066,Shop,Hardware Store
Jain Paint & Hardware Store,4.8,(12),30.683814,76.760742,Shop,Hardware Store
Mittal Hardware Store - Hardware Store In Chandigarh | Wholesale Home Improvement Store,4.8,(160),30.697576,76.781706,Shop,Hardware Store
Sudarshan Lal Arun Kumar,4.1,(13),30.694546,76.770483,Shop,Hardware Store
Bhagwati sales (Hardware &Sanitary),5.0,(97),30.696172,76.764492,Shop,Hardware Store
J.V. Mill & Hardware Store,4.2,(812),30.697105,76.781355,Shop,Hardware Store
Bhagwati sales (Hardware &Sanitary),5.0,(97),30.696172,76.764492,Shop,Hardware Store
Mittal Hardware Store - Hardware Store In Chandigarh | Wholesale Home Improvement Store,4.8,(160),30.697576,76.781706,Shop,Hardware Store
Premchand Dinesh Kumar,5.0,(1),30.699868,76.750966,Shop,Hardware Store
KK Electrical | Ozone Hardware Dealer,N/A,N/A,30.699892,76.750994,Shop,Hardware Store
J.V. Mill & Hardware Store,4.2,(812),30.697105,76.781355,Shop,Hardware Store
K.D HARDWARE STORE,4.8,(117),30.709681,76.762058,Shop,Hardware Store
Mohinder Ki Dukaan | Hardware - Sanutary - Paints |,4.1,(175),30.711389,76.752867,Shop,Hardware Store
Singh Hardware Sanitary & Electrical Store,4.1,(13),30.706505,76.757598,Shop,Hardware Store
Krishna Hardware,4.4,(54),30.705535,76.763212,Shop,Hardware Store
Vikas Sales,4.7,(132),30.706716,76.764001,Shop,Hardware Store
K.D HARDWARE STORE,4.8,(117),30.709681,76.762058,Shop,Hardware Store
Mohinder Ki Dukaan | Hardware - Sanutary - Paints |,4.1,(175),30.711389,76.752867,Shop,Hardware Store
Shri Maa Mansa Traders | Ozone Dealer,4.4,(9),30.706829,76.764037,Shop,Hardware Store
Vikas Sales,4.7,(132),30.706716,76.764001,Shop,Hardware Store
Ess Hardware Store,N/A,N/A,30.7096,76.763839,Shop,Hardware Store
Neelam Hardware Store,4.6,(21),30.726005,76.758477,Shop,Hardware Store
Subhash Paints & Hardware Store,4.8,(51),30.72874,76.771467,Shop,Hardware Store
Gupta Hardware store,4.0,(1),30.726812,76.750829,Shop,Hardware Store
sharma sanitary & hardware store,4.9,(8),30.72798,76.749338,Shop,Hardware Store
A. K. Trading Company,4.3,(35),30.727835,76.750025,Shop,Hardware Store
BHARAT HARDWARE STORE,3.8,(25),30.72937,76.772214,Shop,Hardware Store
Neelam Hardware Store,4.6,(21),30.726005,76.758477,Shop,Hardware Store
Subhash Paints & Hardware Store,4.8,(51),30.72874,76.771467,Shop,Hardware Store
Gupta Hardware store,4.0,(1),30.726812,76.750829,Shop,Hardware Store
sharma sanitary & hardware store,4.9,(8),30.72798,76.749338,Shop,Hardware Store
Jai Bharat Industries,N/A,N/A,30.739651,76.766781,Shop,Hardware Store
Hardware Goods Market,N/A,N/A,30.73327,76.767539,Shop,Hardware Store
