Apollo Pharmacy Mohali,4.1,(61),30.686759,76.738943,Shop,Pharmacy
Fortis Pharmacy,3.0,(25),30.695127,76.731696,Shop,Pharmacy
Metro Pharmacy,4.5,(31),30.694349,76.733357,Shop,Pharmacy
Super Homoeo Pharmacy,3.8,(8),30.68775,76.737596,Shop,Pharmacy
Hale Pharmacy,5.0,(9),30.68867,76.712554,Shop,Pharmacy
Swaran Medical Store,4.5,(2),30.693998,76.756603,Shop,Pharmacy
Civil Dispensary,4.1,(17),30.695935,76.751371,Shop,Pharmacy
Mittal Medicines & Surgicals,4.0,(6),30.697558,76.755191,Shop,Pharmacy
Alphonso Pharmacia,N/A,N/A,30.696534,76.748355,Shop,Pharmacy
Verma clinic,4.7,(3),30.690815,76.748212,Shop,Pharmacy
Apollo Pharmacy Mohali Phase 5,3.5,(58),30.714444,76.71492,Shop,Pharmacy
Indus Pharmacy,3.9,(44),30.708909,76.722489,Shop,Pharmacy
Apollo Pharmacy Mohali 7 Phase,3.7,(17),N/A,N/A,Shop,Pharmacy
Fortis Pharmacy,3.0,(25),30.695127,76.731696,Shop,Pharmacy
Metro Chemist SCO 159-160 Sector-71 Mohali.,4.1,(13),30.705482,76.710147,Shop,Pharmacy
Dayal Pharmacy,5.0,(40),30.710862,76.753501,Shop,Pharmacy
Healthmart pharmacy,5.0,(1),30.714896,76.751661,Shop,Pharmacy
Kind Care Medicos,2.3,(3),30.716356,76.737562,Shop,Pharmacy
Arogya Medicos,4.5,(6),30.719221,76.75379,Shop,Pharmacy
Paras Medical Store,4.9,(39),30.714281,76.751727,Shop,Pharmacy
Apollo Pharmacy Chandigarh Sec 34,3.9,(38),30.724412,76.76886,Shop,Pharmacy
Apollo Pharmacy Mohali Phase 5,3.5,(58),30.714444,76.71492,Shop,Pharmacy
Indus Pharmacy,3.9,(44),30.708909,76.722489,Shop,Pharmacy
Dayal Pharmacy,5.0,(40),30.710862,76.753501,Shop,Pharmacy
Apollo Pharmacy Chandigarh Sector 40C,5.0,(7),30.735426,76.735569,Shop,Pharmacy
Anand Chemists,5.0,(3),30.736871,76.750272,Shop,Pharmacy
All Well Medicos,4.7,(7),30.733001,76.738098,Shop,Pharmacy
Gautam Medical Store,3.7,(19),30.731704,76.740495,Shop,Pharmacy
VIVA - Your Family Chemist,N/A,N/A,30.726232,76.757011,Shop,Pharmacy
VIVA - Your Family Chemist,N/A,N/A,30.736766,76.750206,Shop,Pharmacy
Apollo Pharmacy Chandigarh Sector 38C,5.0,(5),30.740821,76.744473,Shop,Pharmacy
Thanks Pharmacy,3.9,(22),30.74584,76.743546,Shop,Pharmacy
Apollo Pharmacy Chandigarh Sector 40C,5.0,(7),30.735426,76.735569,Shop,Pharmacy
CHEMIST A S Enterprises,4.9,(13),30.731439,76.764817,Shop,Pharmacy
Sahib Medical Store,3.9,(12),30.743211,76.745536,Shop,Pharmacy
Apollo Pharmacy Mohali,4.1,(61),30.686759,76.738943,Shop,Pharmacy
Fortis Pharmacy,3.0,(25),30.695127,76.731696,Shop,Pharmacy
Metro Pharmacy,4.5,(31),30.694349,76.733357,Shop,Pharmacy
Super Homoeo Pharmacy,3.8,(8),30.68775,76.737596,Shop,Pharmacy
Hale Pharmacy,5.0,(9),30.68867,76.712554,Shop,Pharmacy
Life Line - Chemists and Druggists,N/A,N/A,30.697894,76.762628,Shop,Pharmacy
VIVA - Your Family Chemist,N/A,N/A,30.691936,76.760187,Shop,Pharmacy
Mehak Medicos,5.0,(1),30.692109,76.760114,Shop,Pharmacy
Swaran Medical Store,4.5,(2),30.693998,76.756603,Shop,Pharmacy
NOOR CHEMIST AND DRUGGIST,3.9,(41),30.691996,76.760188,Shop,Pharmacy
Apollo Pharmacy Mohali Phase 5,3.5,(58),30.714444,76.71492,Shop,Pharmacy
Indus Pharmacy,3.9,(44),30.708909,76.722489,Shop,Pharmacy
Apollo Pharmacy Mohali 7 Phase,3.7,(17),N/A,N/A,Shop,Pharmacy
Noble Pharmacy,4.1,(26),30.709179,76.774319,Shop,Pharmacy
Fortis Pharmacy,3.0,(25),30.695127,76.731696,Shop,Pharmacy
Dayal Pharmacy,5.0,(40),30.710862,76.753501,Shop,Pharmacy
Healthmart pharmacy,5.0,(1),30.714896,76.751661,Shop,Pharmacy
Arogya Medicos,4.5,(6),30.719221,76.75379,Shop,Pharmacy
Paras Medical Store,4.9,(39),30.714281,76.751727,Shop,Pharmacy
VIVA - Your Family Chemist,5.0,(1),30.707454,76.759331,Shop,Pharmacy
Apollo Pharmacy Chandigarh Sec 34,3.9,(38),30.724412,76.76886,Shop,Pharmacy
Apollo Pharmacy Mohali Phase 5,3.5,(58),30.714444,76.71492,Shop,Pharmacy
Indus Pharmacy,3.9,(44),30.708909,76.722489,Shop,Pharmacy
Noble Pharmacy,4.1,(26),30.709179,76.774319,Shop,Pharmacy
Dayal Pharmacy,5.0,(40),30.710862,76.753501,Shop,Pharmacy
Noble phramacy,3.4,(5),30.724584,76.760154,Shop,Pharmacy
Anand Chemists,5.0,(3),30.736871,76.750272,Shop,Pharmacy
CHOTTA DOCTOR PHARMACY,5.0,(2),30.724553,76.760207,Shop,Pharmacy
PRATAP BROTHERS CHEMIST,4.6,(5),30.726861,76.758084,Shop,Pharmacy
VIVA - Your Family Chemist,N/A,N/A,30.726232,76.757011,Shop,Pharmacy
Apollo Pharmacy Chandigarh Sector 38C,5.0,(5),30.740821,76.744473,Shop,Pharmacy
Thanks Pharmacy,3.9,(22),30.74584,76.743546,Shop,Pharmacy
Apollo Pharmacy Chandigarh Sector 40C,5.0,(7),30.735426,76.735569,Shop,Pharmacy
BHARAT MEDICAL STORES,3.7,(61),30.747856,76.775001,Shop,Pharmacy
CHEMIST A S Enterprises,4.9,(13),30.731439,76.764817,Shop,Pharmacy
Apollo Pharmacy Mohali,4.1,(61),30.686759,76.738943,Shop,Pharmacy
Fortis Pharmacy,3.0,(25),30.695127,76.731696,Shop,Pharmacy
Metro Pharmacy,4.5,(31),30.694349,76.733357,Shop,Pharmacy
Super Homoeo Pharmacy,3.8,(8),30.68775,76.737596,Shop,Pharmacy
City Medicos,4.6,(119),30.694139,76.733394,Shop,Pharmacy
Singla Medical Store,4.5,(75),30.697542,76.767051,Shop,Pharmacy
Life Line - Chemists and Druggists,N/A,N/A,30.697894,76.762628,Shop,Pharmacy
VIVA - Your Family Chemist,N/A,N/A,30.691936,76.760187,Shop,Pharmacy
BABHRAH MEDICARES,4.4,(11),30.697925,76.766577,Shop,Pharmacy
Prem Medicos,N/A,N/A,30.701509,76.765062,Shop,Pharmacy
Dayal Pharmacy,5.0,(40),30.710862,76.753501,Shop,Pharmacy
Singla Store Best Pharmacy/medical/chemists store in chandigarh sector 45,4.8,(4),30.704855,76.759784,Shop,Pharmacy
Zeelab pharmacy,5.0,(2),30.705152,76.761757,Shop,Pharmacy
VIVA - Your Family Chemist,5.0,(1),30.707454,76.759331,Shop,Pharmacy
Sai Medicos,3.7,(3),30.710997,76.7537,Shop,Pharmacy
Apollo Pharmacy Chandigarh Sec 34,3.9,(38),30.724412,76.76886,Shop,Pharmacy
Indus Pharmacy,3.9,(44),30.708909,76.722489,Shop,Pharmacy
Apollo Pharmacy Mohali 7 Phase,3.7,(17),N/A,N/A,Shop,Pharmacy
Noble Pharmacy,4.1,(26),30.709179,76.774319,Shop,Pharmacy
Dayal Pharmacy,5.0,(40),30.710862,76.753501,Shop,Pharmacy
Apollo Pharmacy Chandigarh Sec 34,3.9,(38),30.724412,76.76886,Shop,Pharmacy
Noble phramacy,3.4,(5),30.724584,76.760154,Shop,Pharmacy
COSMED,4.5,(11),30.717951,76.766725,Shop,Pharmacy
Arogya Medicos,4.5,(6),30.719221,76.75379,Shop,Pharmacy
CHOTTA DOCTOR PHARMACY,5.0,(2),30.724553,76.760207,Shop,Pharmacy
Apollo Pharmacy Chandigarh Sec 34,3.9,(38),30.724412,76.76886,Shop,Pharmacy
Apollo Pharmacy Chandigarh Sector 38C,5.0,(5),30.740821,76.744473,Shop,Pharmacy
Apollo Pharmacy Chandigarh Sector 40C,5.0,(7),30.735426,76.735569,Shop,Pharmacy
Noble phramacy,3.4,(5),30.724584,76.760154,Shop,Pharmacy
CHEMIST A S Enterprises,4.9,(13),30.731439,76.764817,Shop,Pharmacy
Anand Chemists,5.0,(3),30.736871,76.750272,Shop,Pharmacy
Verma Medical Hall,3.8,(8),30.734434,76.770128,Shop,Pharmacy
VIVA - Your Family Chemist,N/A,N/A,30.736766,76.750206,Shop,Pharmacy
mg Pharmacy,5.0,(3),30.736162,76.754399,Shop,Pharmacy
Mahajan Medical Hall,4.1,(47),N/A,N/A,Shop,Pharmacy
VIVA - Your Family Chemist,N/A,N/A,30.691936,76.760187,Shop,Pharmacy
Mehak Medicos,5.0,(1),30.692109,76.760114,Shop,Pharmacy
Swaran Medical Store,4.5,(2),30.693998,76.756603,Shop,Pharmacy
Gill medical hall,5.0,(1),30.682935,76.762741,Shop,Pharmacy
Kuldip Medical Store,5.0,(3),30.684849,76.760746,Shop,Pharmacy
Apollo Pharmacy Mohali,4.1,(61),30.686759,76.738943,Shop,Pharmacy
Apollo Pharmacy Mohali 7 Phase,3.7,(17),N/A,N/A,Shop,Pharmacy
Noble Pharmacy,4.1,(26),30.709179,76.774319,Shop,Pharmacy
Fortis Pharmacy,3.0,(25),30.695127,76.731696,Shop,Pharmacy
Metro Pharmacy,4.5,(31),30.694349,76.733357,Shop,Pharmacy
Noble Pharmacy,4.1,(26),30.709179,76.774319,Shop,Pharmacy
Rajinder Medical Store,4.2,(24),30.709447,76.77394,Shop,Pharmacy
Sewak pharmacy,5.0,(1),30.709516,76.774027,Shop,Pharmacy
Singla Store Best Pharmacy/medical/chemists store in chandigarh sector 45,4.8,(4),30.704855,76.759784,Shop,Pharmacy
Life your Local Chemist,5.0,(1),30.708907,76.773928,Shop,Pharmacy
Apollo Pharmacy Chandigarh Sec 34,3.9,(38),30.724412,76.76886,Shop,Pharmacy
Apollo Pharmacy Mohali 7 Phase,3.7,(17),N/A,N/A,Shop,Pharmacy
Noble Pharmacy,4.1,(26),30.709179,76.774319,Shop,Pharmacy
Dayal Pharmacy,5.0,(40),30.710862,76.753501,Shop,Pharmacy
Noble phramacy,3.4,(5),30.724584,76.760154,Shop,Pharmacy
Apollo Pharmacy Chandigarh Sec 34,3.9,(38),30.724412,76.76886,Shop,Pharmacy
Noble phramacy,3.4,(5),30.724584,76.760154,Shop,Pharmacy
COSMED,4.5,(11),30.717951,76.766725,Shop,Pharmacy
CHOTTA DOCTOR PHARMACY,5.0,(2),30.724553,76.760207,Shop,Pharmacy
PRATAP BROTHERS CHEMIST,4.6,(5),30.726861,76.758084,Shop,Pharmacy
Apollo Pharmacy Chandigarh Sec 34,3.9,(38),30.724412,76.76886,Shop,Pharmacy
Apollo Pharmacy Chandigarh Sector 38C,5.0,(5),30.740821,76.744473,Shop,Pharmacy
Apollo Pharmacy Chandigarh Sector 40C,5.0,(7),30.735426,76.735569,Shop,Pharmacy
Noble phramacy,3.4,(5),30.724584,76.760154,Shop,Pharmacy
CHEMIST A S Enterprises,4.9,(13),30.731439,76.764817,Shop,Pharmacy
Medicare Chemists,3.9,(8),30.738461,76.774702,Shop,Pharmacy
Verma Medical Hall,3.8,(8),30.734434,76.770128,Shop,Pharmacy
Mahajan Medical Hall,4.1,(47),N/A,N/A,Shop,Pharmacy
Deep Medisons Chemists & Druggists,N/A,N/A,30.738232,76.775075,Shop,Pharmacy
GARG MEDICOS,4.8,(19),30.745359,76.761572,Shop,Pharmacy
