Bata Shoe Store,3.5,(26),N/A,N/A,Shop,Shoe Store
Relaxo Footwear,4.7,(17),30.68153,76.744277,Shop,Shoe Store
Punjab Shoes,4.0,(11),30.686697,76.738596,Shop,Shoe Store
Fancy Shoe Palace,5.0,(1),30.683139,76.742842,Shop,Shoe Store
Abhi Footwear Mohali,3.5,(8),30.688886,76.727906,Shop,Shoe Store
Bombay Footwear,N/A,N/A,30.693159,76.755251,Shop,Shoe Store
V-FASHION MART,4.0,(23),30.692461,76.743871,Shop,Shoe Store
Mochi Shoes,4.0,(172),N/A,N/A,Shop,Shoe Store
Bata Shoe Store,3.4,(37),N/A,N/A,Shop,Shoe Store
Singla shoes sector 45,4.3,(15),30.705652,76.758915,Shop,Shoe Store
Liberty Shoes Mohali,3.9,(34),30.701941,76.727636,Shop,Shoe Store
Shri Ram Footwear-Whole sell Shoe Shop,5.0,(8),30.70388,76.75764,Shop,Shoe Store
Bata shoe store Ph-7,3.9,(12),30.705078,76.725297,Shop,Shoe Store
Mohan Shoes,N/A,N/A,30.714534,76.739529,Shop,Shoe Store
WALK Shoes,3.9,(79),30.705626,76.724872,Shop,Shoe Store
M/S. Mann Footwear,2.3,(3),30.714471,76.726393,Shop,Shoe Store
Kaka Shoes Palace,N/A,N/A,30.714407,76.726308,Shop,Shoe Store
Bata shoe store,4.0,(123),30.726162,76.758007,Shop,Shoe Store
Shoe Mania,3.1,(7),30.718143,76.766522,Shop,Shoe Store
Shoe bespoke,4.0,(26),30.733876,76.753437,Shop,Shoe Store
Fine shoes,5.0,(3),30.733501,76.737141,Shop,Shoe Store
Zaroorat Shoe Shoppee,N/A,N/A,30.731147,76.737559,Shop,Shoe Store
Bata shoe store,4.0,(123),30.726162,76.758007,Shop,Shoe Store
Sanjeev Footwears - Best Shoes Store In Chandigarh,3.8,(524),30.736873,76.749384,Shop,Shoe Store
Shoe bespoke,4.0,(26),30.733876,76.753437,Shop,Shoe Store
URBANTOES,4.7,(85),30.736013,76.735467,Shop,Shoe Store
Fine shoes,5.0,(3),30.733501,76.737141,Shop,Shoe Store
Sanjeev Footwears - Best Shoes Store In Chandigarh,3.8,(524),30.736873,76.749384,Shop,Shoe Store
Bata Shoe Store,4.1,(80),30.737057,76.749344,Shop,Shoe Store
Shoe bespoke,4.0,(26),30.733876,76.753437,Shop,Shoe Store
URBANTOES,4.7,(85),30.736013,76.735467,Shop,Shoe Store
Fine shoes,5.0,(3),30.733501,76.737141,Shop,Shoe Store
Relaxo Footwear,4.7,(17),30.68153,76.744277,Shop,Shoe Store
Punjab Shoes,4.0,(11),30.686697,76.738596,Shop,Shoe Store
Fancy Shoe Palace,5.0,(1),30.683139,76.742842,Shop,Shoe Store
New Classic Foot Wear,3.5,(4),30.686701,76.738864,Shop,Shoe Store
Bata Shoe Store,3.5,(26),N/A,N/A,Shop,Shoe Store
Bata Shoe Store,3.4,(37),N/A,N/A,Shop,Shoe Store
Bombay Footwear,N/A,N/A,30.693159,76.755251,Shop,Shoe Store
Bata Shoe Store,3.4,(37),N/A,N/A,Shop,Shoe Store
Relaxo Footwear,3.4,(10),30.700387,76.765081,Shop,Shoe Store
Singla shoes sector 45,4.3,(15),30.705652,76.758915,Shop,Shoe Store
Shri Ram Footwear-Whole sell Shoe Shop,5.0,(8),30.70388,76.75764,Shop,Shoe Store
Kewal Footwear,N/A,N/A,30.709385,76.760755,Shop,Shoe Store
Kewal Footwear,N/A,N/A,30.709385,76.760755,Shop,Shoe Store
Mohan Shoes,N/A,N/A,30.714534,76.739529,Shop,Shoe Store
Shoes Fashion lover,N/A,N/A,30.708922,76.761257,Shop,Shoe Store
Hi - Class Footwears,N/A,N/A,30.709416,76.76133,Shop,Shoe Store
Sukhjeet Boot House,5.0,(1),30.715243,76.737993,Shop,Shoe Store
Bata shoe store,4.0,(123),30.726162,76.758007,Shop,Shoe Store
Royal Footwear,4.5,(8),30.732287,76.770497,Shop,Shoe Store
Shoe Mania,3.1,(7),30.718143,76.766522,Shop,Shoe Store
STAR SHOES,4.1,(9),30.731884,76.770315,Shop,Shoe Store
Shoe bespoke,4.0,(26),30.733876,76.753437,Shop,Shoe Store
Bata shoe store,4.0,(123),30.726162,76.758007,Shop,Shoe Store
Sanjeev Footwears - Best Shoes Store In Chandigarh,3.8,(524),30.736873,76.749384,Shop,Shoe Store
Shoe bespoke,4.0,(26),30.733876,76.753437,Shop,Shoe Store
URBANTOES,4.7,(85),30.736013,76.735467,Shop,Shoe Store
Fine shoes,5.0,(3),30.733501,76.737141,Shop,Shoe Store
Sanjeev Footwears - Best Shoes Store In Chandigarh,3.8,(524),30.736873,76.749384,Shop,Shoe Store
Bata Shoe Store,4.1,(80),30.737057,76.749344,Shop,Shoe Store
Shoe bespoke,4.0,(26),30.733876,76.753437,Shop,Shoe Store
URBANTOES,4.7,(85),30.736013,76.735467,Shop,Shoe Store
Fine shoes,5.0,(3),30.733501,76.737141,Shop,Shoe Store
Relaxo Footwear,4.7,(17),30.68153,76.744277,Shop,Shoe Store
Punjab Shoes,4.0,(11),30.686697,76.738596,Shop,Shoe Store
Fancy Shoe Palace,5.0,(1),30.683139,76.742842,Shop,Shoe Store
Sindhi Footwears,3.6,(12),30.694748,76.76972,Shop,Shoe Store
New Classic Foot Wear,3.5,(4),30.686701,76.738864,Shop,Shoe Store
Bata Shoe Store,3.4,(37),N/A,N/A,Shop,Shoe Store
Relaxo Footwear,3.4,(10),30.700387,76.765081,Shop,Shoe Store
Sindhi Footwears,3.6,(12),30.694748,76.76972,Shop,Shoe Store
Shri Ram Footwear-Whole sell Shoe Shop,5.0,(8),30.70388,76.75764,Shop,Shoe Store
Singla shoes sector 45,4.3,(15),30.705652,76.758915,Shop,Shoe Store
Bata Shoe Store,3.4,(37),N/A,N/A,Shop,Shoe Store
Relaxo Footwear,3.4,(10),30.700387,76.765081,Shop,Shoe Store
Singla shoes sector 45,4.3,(15),30.705652,76.758915,Shop,Shoe Store
Shri Ram Footwear-Whole sell Shoe Shop,5.0,(8),30.70388,76.75764,Shop,Shoe Store
Kewal Footwear,N/A,N/A,30.709385,76.760755,Shop,Shoe Store
Bata Shoe Store,4.1,(8),30.713391,76.768805,Shop,Shoe Store
Shoe Mania,3.1,(7),30.718143,76.766522,Shop,Shoe Store
New Gagan Shoes Maker,4.1,(32),30.718262,76.766189,Shop,Shoe Store
Kewal Footwear,N/A,N/A,30.709385,76.760755,Shop,Shoe Store
Sonu Footwear,N/A,N/A,30.713383,76.768792,Shop,Shoe Store
Bata shoe store,4.0,(123),30.726162,76.758007,Shop,Shoe Store
Shoe Mania,3.1,(7),30.718143,76.766522,Shop,Shoe Store
New Gagan Shoes Maker,4.1,(32),30.718262,76.766189,Shop,Shoe Store
Citizen Footwear,N/A,N/A,30.717844,76.76627,Shop,Shoe Store
White Shoes,4.7,(3),30.729114,76.76907,Shop,Shoe Store
Bata shoe store,4.0,(123),30.726162,76.758007,Shop,Shoe Store
Sanjeev Footwears - Best Shoes Store In Chandigarh,3.8,(524),30.736873,76.749384,Shop,Shoe Store
Shoe bespoke,4.0,(26),30.733876,76.753437,Shop,Shoe Store
Fashion Feet,4.5,(2),30.73724,76.766269,Shop,Shoe Store
Nagpal footwear 22 Chandigarh,3.1,(25),30.729805,76.769364,Shop,Shoe Store
Bata,4.0,(445),N/A,N/A,Shop,Shoe Store
Sanjeev Footwears - Best Shoes Store In Chandigarh,3.8,(524),30.736873,76.749384,Shop,Shoe Store
Shoe bespoke,4.0,(26),30.733876,76.753437,Shop,Shoe Store
Fashion Feet,4.5,(2),30.73724,76.766269,Shop,Shoe Store
Brightway Shoes,4.1,(18),30.737822,76.765925,Shop,Shoe Store
Sindhi Footwears,3.6,(12),30.694748,76.76972,Shop,Shoe Store
Relaxo Footwear,4.7,(17),30.68153,76.744277,Shop,Shoe Store
Fancy Shoe Palace,5.0,(1),30.683139,76.742842,Shop,Shoe Store
Anurag Shoe,N/A,N/A,30.682775,76.762415,Shop,Shoe Store
Ankur Footwear,N/A,N/A,30.685277,76.761634,Shop,Shoe Store
Bata Shoe Store,3.4,(37),N/A,N/A,Shop,Shoe Store
Relaxo Footwear,3.4,(10),30.700387,76.765081,Shop,Shoe Store
Sindhi Footwears,3.6,(12),30.694748,76.76972,Shop,Shoe Store
Shri Ram Footwear-Whole sell Shoe Shop,5.0,(8),30.70388,76.75764,Shop,Shoe Store
Singla shoes sector 45,4.3,(15),30.705652,76.758915,Shop,Shoe Store
Bata Shoe Store,3.4,(37),N/A,N/A,Shop,Shoe Store
Relaxo Footwear,3.4,(10),30.700387,76.765081,Shop,Shoe Store
Singla shoes sector 45,4.3,(15),30.705652,76.758915,Shop,Shoe Store
Shri Ram Footwear-Whole sell Shoe Shop,5.0,(8),30.70388,76.75764,Shop,Shoe Store
Foot Step,4.2,(6),30.710687,76.772548,Shop,Shoe Store
Bata Shoe Store,4.1,(8),30.713391,76.768805,Shop,Shoe Store
Shoe Mania,3.1,(7),30.718143,76.766522,Shop,Shoe Store
New Gagan Shoes Maker,4.1,(32),30.718262,76.766189,Shop,Shoe Store
Foot Step,4.2,(6),30.710687,76.772548,Shop,Shoe Store
Kewal Footwear,N/A,N/A,30.709385,76.760755,Shop,Shoe Store
Bata shoe store,4.0,(123),30.726162,76.758007,Shop,Shoe Store
Shoe Mania,3.1,(7),30.718143,76.766522,Shop,Shoe Store
New Gagan Shoes Maker,4.1,(32),30.718262,76.766189,Shop,Shoe Store
Citizen Footwear,N/A,N/A,30.717844,76.76627,Shop,Shoe Store
White Shoes,4.7,(3),30.729114,76.76907,Shop,Shoe Store
Bata shoe store,4.0,(123),30.726162,76.758007,Shop,Shoe Store
Sanjeev Footwears - Best Shoes Store In Chandigarh,3.8,(524),30.736873,76.749384,Shop,Shoe Store
Shoe bespoke,4.0,(26),30.733876,76.753437,Shop,Shoe Store
Fashion Feet,4.5,(2),30.73724,76.766269,Shop,Shoe Store
Nagpal footwear 22 Chandigarh,3.1,(25),30.729805,76.769364,Shop,Shoe Store
Bata,4.0,(445),N/A,N/A,Shop,Shoe Store
"Skechers - Sector 17, Chandigarh",4.2,(336),30.740018,76.777653,Shop,Shoe Store
Sanjeev Footwears - Best Shoes Store In Chandigarh,3.8,(524),30.736873,76.749384,Shop,Shoe Store
Shoe bespoke,4.0,(26),30.733876,76.753437,Shop,Shoe Store
Fashion Feet,4.5,(2),30.73724,76.766269,Shop,Shoe Store
