BHARDWAJ STATIONERY,4.6,(19),30.687992,76.744181,Shop,Stationery
The Ultimate Stationers,4.5,(17),30.686092,76.739454,Shop,Stationery
Vishwakarma stationers,4.5,(41),30.691154,76.706756,Shop,Stationery
Amit Stationery,4.2,(69),30.679462,76.746111,Shop,Stationery
JD Books & Stationers,4.1,(91),30.691874,76.760111,Shop,Stationery
Hema Stores N Stationers,4.0,(5),30.69407,76.756783,Shop,Stationery
Pen N Paper Gallery,N/A,N/A,30.69757,76.755224,Shop,Stationery
Jain Stationery Mart,4.4,(44),30.714425,76.718247,Shop,Stationery
A-One Stationery,4.8,(55),30.718879,76.706828,Shop,Stationery
JD Books & Stationers,4.1,(91),30.691874,76.760111,Shop,Stationery
Ritu Stationers,4.5,(27),30.71827,76.766102,Shop,Stationery
Vishwakarma stationers,4.5,(41),30.691154,76.706756,Shop,Stationery
Jain Stationery Mart,4.4,(44),30.714425,76.718247,Shop,Stationery
A-One Stationery,4.8,(55),30.718879,76.706828,Shop,Stationery
Ritu Stationers,4.5,(27),30.71827,76.766102,Shop,Stationery
Prince Stationery,4.7,(19),30.722739,76.729061,Shop,Stationery
Classic Books & Stationers - Gifts and Toys,4.3,(626),30.709641,76.721299,Shop,Stationery
Swarn Stationers,4.3,(4),N/A,N/A,Shop,Stationery
Jainsons,4.5,(2),30.72542,76.748132,Shop,Stationery
Mahajan Book Centre & Stationery,3.9,"(1,167)",30.72799,76.749845,Shop,Stationery
Rashmi Documentation Centre,5.0,(1),30.71639,76.73796,Shop,Stationery
Arya Gift and stationery,N/A,N/A,30.716797,76.738992,Shop,Stationery
Arora Stationery,4.3,(19),30.732729,76.737996,Shop,Stationery
A-One Stationery,4.8,(55),30.718879,76.706828,Shop,Stationery
A-PLUS STATIONERY,4.7,(11),30.735797,76.718528,Shop,Stationery
Ritu Stationers,4.5,(27),30.71827,76.766102,Shop,Stationery
Prince Stationery,4.7,(19),30.722739,76.729061,Shop,Stationery
Arora Stationery,4.3,(19),30.732729,76.737996,Shop,Stationery
H.N Stationery,5.0,(32),30.745639,76.761327,Shop,Stationery
A-PLUS STATIONERY,4.7,(11),30.735797,76.718528,Shop,Stationery
New Gupta Stationers,3.3,(14),30.736155,76.7353,Shop,Stationery
Happy Stationery,4.3,(3),30.733015,76.7378,Shop,Stationery
BHARDWAJ STATIONERY,4.6,(19),30.687992,76.744181,Shop,Stationery
JD Books & Stationers,4.1,(91),30.691874,76.760111,Shop,Stationery
Hema Stores N Stationers,4.0,(5),30.69407,76.756783,Shop,Stationery
BHARDWAJ PRINT POINT,4.7,(7),30.688196,76.744137,Shop,Stationery
Haidary stationary and book center,N/A,N/A,30.687387,76.760141,Shop,Stationery
BHARDWAJ STATIONERY,4.6,(19),30.687992,76.744181,Shop,Stationery
The Ultimate Stationers,4.5,(17),30.686092,76.739454,Shop,Stationery
JD Books & Stationers,4.1,(91),30.691874,76.760111,Shop,Stationery
GEETA STATIONERS,4.8,(58),30.689199,76.727916,Shop,Stationery
Classic Stationers,4.4,(47),30.699866,76.713628,Shop,Stationery
KAMAL 44,4.8,(6),30.711019,76.753987,Shop,Stationery
Bhushan Enterprises,4.3,(29),30.705768,76.758295,Shop,Stationery
Amrit Stationers,3.0,(1),30.708002,76.76112,Shop,Stationery
Narang Traders | Wholesale Stationery Chandigarh | Bulk Stationery Chandigarh,4.9,(25),30.704908,76.758374,Shop,Stationery
Sai Photostat Stationery,4.3,(25),30.711395,76.753645,Shop,Stationery
Jain Stationery Mart,4.4,(44),30.714425,76.718247,Shop,Stationery
Ritu Stationers,4.5,(27),30.71827,76.766102,Shop,Stationery
Prince Stationery,4.7,(19),30.722739,76.729061,Shop,Stationery
Classic Books & Stationers - Gifts and Toys,4.3,(626),30.709641,76.721299,Shop,Stationery
Angels Stationery & Gift Centre,4.1,(42),30.71853,76.765564,Shop,Stationery
Jain Stationery Mart,4.4,(44),30.714425,76.718247,Shop,Stationery
Arora Stationery,4.3,(19),30.732729,76.737996,Shop,Stationery
Ritu Stationers,4.5,(27),30.71827,76.766102,Shop,Stationery
A-PLUS STATIONERY,4.7,(11),30.735797,76.718528,Shop,Stationery
Prince Stationery,4.7,(19),30.722739,76.729061,Shop,Stationery
Super Traders,3.9,(35),30.733893,76.753469,Shop,Stationery
Jainsons,4.5,(2),30.72542,76.748132,Shop,Stationery
Bansal Stationers,3.7,(26),30.736988,76.74917,Shop,Stationery
Anand Stationery & Gift Shop,2.5,(8),N/A,N/A,Shop,Stationery
Mahajan Book Centre & Stationery,3.9,"(1,167)",30.72799,76.749845,Shop,Stationery
Arora Stationery,4.3,(19),30.732729,76.737996,Shop,Stationery
H.N Stationery,5.0,(32),30.745639,76.761327,Shop,Stationery
Bhatia Stationers & Printout,4.9,(231),30.747252,76.775835,Shop,Stationery
A-PLUS STATIONERY,4.7,(11),30.735797,76.718528,Shop,Stationery
New Gupta Stationers,3.3,(14),30.736155,76.7353,Shop,Stationery
BHARDWAJ STATIONERY,4.6,(19),30.687992,76.744181,Shop,Stationery
The Ultimate Stationers,4.5,(17),30.686092,76.739454,Shop,Stationery
Amit Stationery,4.2,(69),30.679462,76.746111,Shop,Stationery
JD Books & Stationers,4.1,(91),30.691874,76.760111,Shop,Stationery
GEETA STATIONERS,4.8,(58),30.689199,76.727916,Shop,Stationery
BHARDWAJ STATIONERY,4.6,(19),30.687992,76.744181,Shop,Stationery
The Ultimate Stationers,4.5,(17),30.686092,76.739454,Shop,Stationery
JD Books & Stationers,4.1,(91),30.691874,76.760111,Shop,Stationery
GEETA STATIONERS,4.8,(58),30.689199,76.727916,Shop,Stationery
Classic Books & Stationers - Gifts and Toys,4.3,(626),30.709641,76.721299,Shop,Stationery
KAMAL 44,4.8,(6),30.711019,76.753987,Shop,Stationery
Vivek stationers and gift centre,4.3,(31),30.700676,76.765715,Shop,Stationery
Bhushan Enterprises,4.3,(29),30.705768,76.758295,Shop,Stationery
Devashish-46,4.6,(5),30.700635,76.765757,Shop,Stationery
Amrit Stationers,3.0,(1),30.708002,76.76112,Shop,Stationery
Jain Stationery Mart,4.4,(44),30.714425,76.718247,Shop,Stationery
Ritu Stationers,4.5,(27),30.71827,76.766102,Shop,Stationery
Prince Stationery,4.7,(19),30.722739,76.729061,Shop,Stationery
Classic Books & Stationers - Gifts and Toys,4.3,(626),30.709641,76.721299,Shop,Stationery
Angels Stationery & Gift Centre,4.1,(42),30.71853,76.765564,Shop,Stationery
Ritu Stationers,4.5,(27),30.71827,76.766102,Shop,Stationery
Angels Stationery & Gift Centre,4.1,(42),30.71853,76.765564,Shop,Stationery
VIJAY STATIONERY,4.0,(4),30.722042,76.76896,Shop,Stationery
Swarn Stationers,4.3,(4),N/A,N/A,Shop,Stationery
Shivani Stationery,5.0,(1),30.72253,76.758929,Shop,Stationery
Arora Stationery,4.3,(19),30.732729,76.737996,Shop,Stationery
A-PLUS STATIONERY,4.7,(11),30.735797,76.718528,Shop,Stationery
Ritu Stationers,4.5,(27),30.71827,76.766102,Shop,Stationery
Prince Stationery,4.7,(19),30.722739,76.729061,Shop,Stationery
H.N Stationery,5.0,(32),30.745639,76.761327,Shop,Stationery
Krishna Stationery,4.0,(6),30.741683,76.753017,Shop,Stationery
Super Traders,3.9,(35),30.733893,76.753469,Shop,Stationery
Munshi Ram Manak Chand Jain,4.1,(53),30.734216,76.769897,Shop,Stationery
Progressive Stationers,4.0,(2),30.744508,76.762247,Shop,Stationery
Jasbir Stationers,N/A,N/A,30.745567,76.761214,Shop,Stationery
JD Books & Stationers,4.1,(91),30.691874,76.760111,Shop,Stationery
Dua Stationers,4.1,(9),30.694067,76.770823,Shop,Stationery
Hema Stores N Stationers,4.0,(5),30.69407,76.756783,Shop,Stationery
Haidary stationary and book center,N/A,N/A,30.687387,76.760141,Shop,Stationery
Rahul Photostat Stationery & General Store,3.0,(1),30.694071,76.77083,Shop,Stationery
JD Books & Stationers,4.1,(91),30.691874,76.760111,Shop,Stationery
Vishal Stationers & Gift Shop,5.0,(1),30.697894,76.762629,Shop,Stationery
Sharma Enterprises,4.2,(5),30.69528,76.770089,Shop,Stationery
Dua Stationers,4.1,(9),30.694067,76.770823,Shop,Stationery
Vivek stationers and gift centre,4.3,(31),30.700676,76.765715,Shop,Stationery
JD Books & Stationers,4.1,(91),30.691874,76.760111,Shop,Stationery
Ritu Stationers,4.5,(27),30.71827,76.766102,Shop,Stationery
Angels Stationery & Gift Centre,4.1,(42),30.71853,76.765564,Shop,Stationery
Ashoka Trading Company,4.5,(98),30.717152,76.735452,Shop,Stationery
Walia Stationer's,3.9,(20),30.708787,76.774031,Shop,Stationery
