Wyndham Chandigarh Mohali,4.6,(912),30.685115,76.750542,Hotel,Hostels for staying near me
MakeMyTrip India Private Limited,3.9,(9),30.687917,76.737649,Hotel,Hostels for staying near me
Girls PG near FORTIS hospital Sector 62 Sector 63 SAS Nagar Mohali,3.8,(10),30.690782,76.730508,Hotel,Hostels for staying near me
Hotel City Palace,3.5,(590),30.706413,76.764039,Hotel,Hostels for staying near me
OYO Hotel Towns Pride,3.6,(391),30.697096,76.73813,Hotel,Hostels for staying near me
Wyndham Chandigarh Mohali,4.6,(912),30.685115,76.750542,Hotel,Hostels for staying near me
MakeMyTrip India Private Limited,3.9,(9),30.687917,76.737649,Hotel,Hostels for staying near me
PG in Chandigarh - Boys&Girls PG Accommodation in Chandigarh.,4.5,(15),30.713339,76.760795,Hotel,Hostels for staying near me
"MAKKAR PG/HOSTEL - FOR GIRLS ,Sector 34, chandigarh",4.8,(35),30.714762,76.763159,Hotel,Hostels for staying near me
Chaudhary PG services. PG and Hostels in Chandigarh,4.4,(52),30.715891,76.765474,Hotel,Hostels for staying near me
Kumar PG & Hostel,3.0,(26),30.71754,76.765938,Hotel,Hostels for staying near me
Mrs. Sarita Dawar Girls PG - PG for Girls in Chandigarh with Food,4.6,(194),30.716287,76.764161,Hotel,Hostels for staying near me
"MAKKAR PG/HOSTEL - FOR GIRLS ,Sector 34, chandigarh",4.8,(35),30.714762,76.763159,Hotel,Hostels for staying near me
Girls PG,4.2,(56),30.71816,76.762283,Hotel,Hostels for staying near me
Chaudhary PG services. PG and Hostels in Chandigarh,4.4,(52),30.715891,76.765474,Hotel,Hostels for staying near me
Kumar PG & Hostel,3.0,(26),30.71754,76.765938,Hotel,Hostels for staying near me
Mrs. Sarita Dawar Girls PG - PG for Girls in Chandigarh with Food,4.6,(194),30.716287,76.764161,Hotel,Hostels for staying near me
Girls PG near FORTIS hospital Sector 62 Sector 63 SAS Nagar Mohali,3.8,(10),30.690782,76.730508,Hotel,Hostels for staying near me
OYO Hotel Towns Pride,3.6,(391),30.697096,76.73813,Hotel,Hostels for staying near me
Wyndham Chandigarh Mohali,4.6,(912),30.685115,76.750542,Hotel,Hostels for staying near me
MakeMyTrip India Private Limited,3.9,(9),30.687917,76.737649,Hotel,Hostels for staying near me
Girls PG near FORTIS hospital Sector 62 Sector 63 SAS Nagar Mohali,3.8,(10),30.690782,76.730508,Hotel,Hostels for staying near me
OYO Hotel Towns Pride,3.6,(391),30.697096,76.73813,Hotel,Hostels for staying near me
AC Dormitory Rest House,3.4,(377),30.716863,76.744216,Hotel,Hostels for staying near me
The Mohali Heights,4.3,(438),30.676861,76.748573,Hotel,Hostels for staying near me
OYO Hotel Towns Pride,3.6,(391),30.697096,76.73813,Hotel,Hostels for staying near me
Wyndham Chandigarh Mohali,4.6,(912),30.685115,76.750542,Hotel,Hostels for staying near me
MakeMyTrip India Private Limited,3.9,(9),30.687917,76.737649,Hotel,Hostels for staying near me
Hotel City Palace,3.5,(590),30.706413,76.764039,Hotel,Hostels for staying near me
PG in Chandigarh - Boys&Girls PG Accommodation in Chandigarh.,4.5,(15),30.713339,76.760795,Hotel,Hostels for staying near me
"MAKKAR PG/HOSTEL - FOR GIRLS ,Sector 34, chandigarh",4.8,(35),30.714762,76.763159,Hotel,Hostels for staying near me
Girls PG,4.2,(56),30.71816,76.762283,Hotel,Hostels for staying near me
Behive Rental Homes (Pg For Girls In Chandigarh),4.7,(175),30.707013,76.768889,Hotel,Hostels for staying near me
Home Stay PG Chandigarh,4.6,(49),30.726343,76.753268,Hotel,Hostels for staying near me
Home Stay PG Chandigarh,4.6,(49),30.726343,76.753268,Hotel,Hostels for staying near me
Girls PG,4.2,(56),30.71816,76.762283,Hotel,Hostels for staying near me
AC Dormitory Rest House,3.4,(377),30.716863,76.744216,Hotel,Hostels for staying near me
Behive Rental Homes (Pg For Girls In Chandigarh),4.7,(175),30.707013,76.768889,Hotel,Hostels for staying near me
Samaira Amaira's Homes (PG For girls),5.0,(21),30.70696,76.768942,Hotel,Hostels for staying near me
Hotel City Palace,3.5,(590),30.706413,76.764039,Hotel,Hostels for staying near me
PG in Chandigarh - Boys&Girls PG Accommodation in Chandigarh.,4.5,(15),30.713339,76.760795,Hotel,Hostels for staying near me
Behive Rental Homes (Pg For Girls In Chandigarh),4.7,(175),30.707013,76.768889,Hotel,Hostels for staying near me
"MAKKAR PG/HOSTEL - FOR GIRLS ,Sector 34, chandigarh",4.8,(35),30.714762,76.763159,Hotel,Hostels for staying near me
Girls PG,4.2,(56),30.71816,76.762283,Hotel,Hostels for staying near me
Chaudhary PG services. PG and Hostels in Chandigarh,4.4,(52),30.715891,76.765474,Hotel,Hostels for staying near me
The Mohali Heights,4.3,(438),30.676861,76.748573,Hotel,Hostels for staying near me
Wyndham Chandigarh Mohali,4.6,(912),30.685115,76.750542,Hotel,Hostels for staying near me
Behive Rental Homes (Pg For Girls In Chandigarh),4.7,(175),30.707013,76.768889,Hotel,Hostels for staying near me
Samaira Amaira's Homes (PG For girls),5.0,(21),30.70696,76.768942,Hotel,Hostels for staying near me
Hotel City Palace,3.5,(590),30.706413,76.764039,Hotel,Hostels for staying near me
Wyndham Chandigarh Mohali,4.6,(912),30.685115,76.750542,Hotel,Hostels for staying near me
Behive Rental Homes (Pg For Girls In Chandigarh),4.7,(175),30.707013,76.768889,Hotel,Hostels for staying near me
PG in Chandigarh - Boys&Girls PG Accommodation in Chandigarh.,4.5,(15),30.713339,76.760795,Hotel,Hostels for staying near me
Visitors Hostel IISER Mohali,4.4,(552),30.663711,76.723008,Hotel,Hostels for staying near me
Samaira Amaira's Homes (PG For girls),5.0,(21),30.70696,76.768942,Hotel,Hostels for staying near me
"MAKKAR PG/HOSTEL - FOR GIRLS ,Sector 34, chandigarh",4.8,(35),30.714762,76.763159,Hotel,Hostels for staying near me
PG in Chandigarh - Boys&Girls PG Accommodation in Chandigarh.,4.5,(15),30.713339,76.760795,Hotel,Hostels for staying near me
Behive Rental Homes (Pg For Girls In Chandigarh),4.7,(175),30.707013,76.768889,Hotel,Hostels for staying near me
"MAKKAR PG/HOSTEL - FOR GIRLS ,Sector 34, chandigarh",4.8,(35),30.714762,76.763159,Hotel,Hostels for staying near me
Girls PG,4.2,(56),30.71816,76.762283,Hotel,Hostels for staying near me
Home Stay PG Chandigarh,4.6,(49),30.726343,76.753268,Hotel,Hostels for staying near me
Home Stay PG Chandigarh,4.6,(49),30.726343,76.753268,Hotel,Hostels for staying near me
Girls PG,4.2,(56),30.71816,76.762283,Hotel,Hostels for staying near me
"MAKKAR PG/HOSTEL - FOR GIRLS ,Sector 34, chandigarh",4.8,(35),30.714762,76.763159,Hotel,Hostels for staying near me
Chaudhary PG services. PG and Hostels in Chandigarh,4.4,(52),30.715891,76.765474,Hotel,Hostels for staying near me
Kumar PG & Hostel,3.0,(26),30.71754,76.765938,Hotel,Hostels for staying near me
Home Stay PG Chandigarh,4.6,(49),30.726343,76.753268,Hotel,Hostels for staying near me
Khalsa Girls PG,4.0,(123),30.730505,76.770372,Hotel,Hostels for staying near me
Home Stay PG Chandigarh,4.6,(49),30.726343,76.753268,Hotel,Hostels for staying near me
PG for Boys in Chandigarh (Aashray Home Stays Sector 18),4.3,(204),30.732206,76.781627,Hotel,Hostels for staying near me
Government Working Women Hostel,4.0,(64),30.74665,76.767195,Hotel,Hostels for staying near me
PG SERVICE,4.9,(125),30.731276,76.774013,Hotel,Hostels for staying near me
Chaitanya hostel,3.3,(7),30.731584,76.779911,Hotel,Hostels for staying near me
Behive Rental Homes (Pg For Girls In Chandigarh),4.7,(175),30.707013,76.768889,Hotel,Hostels for staying near me
Samaira Amaira's Homes (PG For girls),5.0,(21),30.70696,76.768942,Hotel,Hostels for staying near me
Hotel City Palace,3.5,(590),30.706413,76.764039,Hotel,Hostels for staying near me
Wyndham Chandigarh Mohali,4.6,(912),30.685115,76.750542,Hotel,Hostels for staying near me
Behive Rental Homes (Pg For Girls In Chandigarh),4.7,(175),30.707013,76.768889,Hotel,Hostels for staying near me
PG in Chandigarh - Boys&Girls PG Accommodation in Chandigarh.,4.5,(15),30.713339,76.760795,Hotel,Hostels for staying near me
Visitors Hostel IISER Mohali,4.4,(552),30.663711,76.723008,Hotel,Hostels for staying near me
Samaira Amaira's Homes (PG For girls),5.0,(21),30.70696,76.768942,Hotel,Hostels for staying near me
"MAKKAR PG/HOSTEL - FOR GIRLS ,Sector 34, chandigarh",4.8,(35),30.714762,76.763159,Hotel,Hostels for staying near me
PG in Chandigarh - Boys&Girls PG Accommodation in Chandigarh.,4.5,(15),30.713339,76.760795,Hotel,Hostels for staying near me
Behive Rental Homes (Pg For Girls In Chandigarh),4.7,(175),30.707013,76.768889,Hotel,Hostels for staying near me
"MAKKAR PG/HOSTEL - FOR GIRLS ,Sector 34, chandigarh",4.8,(35),30.714762,76.763159,Hotel,Hostels for staying near me
Girls PG,4.2,(56),30.71816,76.762283,Hotel,Hostels for staying near me
Home Stay PG Chandigarh,4.6,(49),30.726343,76.753268,Hotel,Hostels for staying near me
Home Stay PG Chandigarh,4.6,(49),30.726343,76.753268,Hotel,Hostels for staying near me
PG in Chandigarh - Boys&Girls PG Accommodation in Chandigarh.,4.5,(15),30.713339,76.760795,Hotel,Hostels for staying near me
Girls PG,4.2,(56),30.71816,76.762283,Hotel,Hostels for staying near me
"MAKKAR PG/HOSTEL - FOR GIRLS ,Sector 34, chandigarh",4.8,(35),30.714762,76.763159,Hotel,Hostels for staying near me
"Mehta PG & Hostel (Only for +1,+2, NEET JEE Students)",4.7,(33),N/A,N/A,Hotel,Hostels for staying near me
Home Stay PG Chandigarh,4.6,(49),30.726343,76.753268,Hotel,Hostels for staying near me
PG for Boys in Chandigarh (Aashray Home Stays Sector 18),4.3,(204),30.732206,76.781627,Hotel,Hostels for staying near me
"Mehta PG & Hostel (Only for +1,+2, NEET JEE Students)",4.7,(33),N/A,N/A,Hotel,Hostels for staying near me
Girls PG,4.2,(56),30.71816,76.762283,Hotel,Hostels for staying near me
PG SERVICE,4.9,(125),30.731276,76.774013,Hotel,Hostels for staying near me
PG for boys,4.3,(12),30.734334,76.775484,Hotel,Hostels for staying near me
Paying Guest,N/A,N/A,30.736749,76.773326,Hotel,Hostels for staying near me
