Purminder Kaur,4.9,(265),30.679864,76.745649,Office,Accounting Firm
PRS Accounting Services LLP,5.0,(1),30.686206,76.750066,Office,Accounting Firm
eBizz Guru International Private Limited,4.8,(45),30.683909,76.749179,Office,Accounting Firm
CA Shubham Monga,5.0,(29),30.694144,76.732842,Office,Accounting Firm
Taxation Associates (India),5.0,(6),30.682729,76.755357,Office,Accounting Firm
Vishal Bhargav & Associates,4.9,(101),30.708083,76.728714,Office,Accounting Firm
CA Shubham Monga,5.0,(29),30.694144,76.732842,Office,Accounting Firm
VGM AND ASSOCIATES,4.7,(14),30.688052,76.737694,Office,Accounting Firm
PRS Accounting Services LLP,5.0,(1),30.686206,76.750066,Office,Accounting Firm
"Garg Sanjeev & Associates, Chartered Accountants",5.0,(2),30.686277,76.743962,Office,Accounting Firm
"CA Mukesh Goyal - Mukesh Vishesh & Associates | CA Firm In Chandigarh,Panchkula,Mohali | ITR & GST Filing,Taxation Consultant",5.0,(57),30.707825,76.741932,Office,Accounting Firm
CA. Rahul Gupta - RAHUL B GUPTA & CO.,4.5,(2),30.705529,76.742594,Office,Accounting Firm
Profsindia,5.0,(3),30.705541,76.742602,Office,Accounting Firm
"MK SAMASRAJ ASSOCIATES LAW FIRM (PROP. MANOJ KUMAR, ADVOCATE)",5.0,(3),30.704067,76.757458,Office,Accounting Firm
Thakur Accounts & Gst Tax Consultant,N/A,N/A,30.699868,76.750966,Office,Accounting Firm
K Bansal & Co.- CA in Chandigarh | Chartered Accountants in chandigarh | ca in tricity | income tax | gst | CCA,5.0,(41),30.72468,76.76509,Office,Accounting Firm
Vishal Bhargav & Associates,4.9,(101),30.708083,76.728714,Office,Accounting Firm
KAMB & Associates,4.9,(28),30.725403,76.748174,Office,Accounting Firm
The Perfect Ledgers,5.0,(2),30.723306,76.766113,Office,Accounting Firm
Paramvir & Associates,4.0,(4),30.723306,76.766113,Office,Accounting Firm
KAMB & Associates,4.9,(28),30.725403,76.748174,Office,Accounting Firm
Parkash Ved & Co,5.0,(3),30.725295,76.754693,Office,Accounting Firm
Baldev Kumar & Co.,N/A,N/A,30.727888,76.756861,Office,Accounting Firm
J.S. Chopra & Associates,N/A,N/A,30.719142,76.75313,Office,Accounting Firm
KAMB & Associates,4.9,(28),30.725403,76.748174,Office,Accounting Firm
"Sunil K Sharma & Associates - Best CA In Chandigarh, Top GST & Income Tax Consultant firm in Tricity, India",4.9,(57),30.733576,76.737088,Office,Accounting Firm
BAHIKHATA MASTER - GST Return Filing in Mohali | Income Tax Consultant | EPF & ESI Consultant | Accounting Services in Mohali,5.0,(23),30.727189,76.726135,Office,Accounting Firm
P V N S & Co,5.0,(33),30.733163,76.737369,Office,Accounting Firm
"TAX TERMINUS - Best CA in Mohali, CA Firms",N/A,N/A,30.726405,76.72498,Office,Accounting Firm
"Sunil K Sharma & Associates - Best CA In Chandigarh, Top GST & Income Tax Consultant firm in Tricity, India",4.9,(57),30.733576,76.737088,Office,Accounting Firm
P V N S & Co,5.0,(33),30.733163,76.737369,Office,Accounting Firm
"Arora Rajiv & Associates, Chartered Accountants",5.0,(81),30.741872,76.737572,Office,Accounting Firm
CA in Chandigarh - Singla Pawan Associates,4.9,(119),30.737792,76.732452,Office,Accounting Firm
Best Chartered Accountant Firm in Chandigarh | Sunil Arora & Associates,5.0,(1),30.740821,76.744473,Office,Accounting Firm
Purminder Kaur,4.9,(265),30.679864,76.745649,Office,Accounting Firm
PRS Accounting Services LLP,5.0,(1),30.686206,76.750066,Office,Accounting Firm
eBizz Guru International Private Limited,4.8,(45),30.683909,76.749179,Office,Accounting Firm
CA Shubham Monga,5.0,(29),30.694144,76.732842,Office,Accounting Firm
Taxation Associates (India),5.0,(6),30.682729,76.755357,Office,Accounting Firm
"Rohin Arora and Associates, Chartered Accountant Firm",5.0,(1),30.691943,76.757503,Office,Accounting Firm
Granite accounting consulting LLP,N/A,N/A,30.692061,76.748565,Office,Accounting Firm
Ravi Kant Garg,5.0,(1),30.690871,76.759016,Office,Accounting Firm
Thakur Accounts & Gst Tax Consultant,N/A,N/A,30.699868,76.750966,Office,Accounting Firm
Bansal Arun & Co.,5.0,(80),30.70337,76.759029,Office,Accounting Firm
"MK SAMASRAJ ASSOCIATES LAW FIRM (PROP. MANOJ KUMAR, ADVOCATE)",5.0,(3),30.704067,76.757458,Office,Accounting Firm
Thakur Accounts & Gst Tax Consultant,N/A,N/A,30.699868,76.750966,Office,Accounting Firm
K Bansal & Co.- CA in Chandigarh | Chartered Accountants in chandigarh | ca in tricity | income tax | gst | CCA,5.0,(41),30.72468,76.76509,Office,Accounting Firm
"Rakesh Kanwar & Co. - CA In Chandigarh,GST Consultant & income Tax Consultant in Chandigarh",4.7,(59),30.709809,76.772332,Office,Accounting Firm
KAMB & Associates,4.9,(28),30.725403,76.748174,Office,Accounting Firm
"VS Garg Associates - CA in Chandigarh, Chartered Accountants in Chandigarh",4.9,(61),30.713745,76.76881,Office,Accounting Firm
The Perfect Ledgers,5.0,(2),30.723306,76.766113,Office,Accounting Firm
K Bansal & Co.- CA in Chandigarh | Chartered Accountants in chandigarh | ca in tricity | income tax | gst | CCA,5.0,(41),30.72468,76.76509,Office,Accounting Firm
KAMB & Associates,4.9,(28),30.725403,76.748174,Office,Accounting Firm
The Perfect Ledgers,5.0,(2),30.723306,76.766113,Office,Accounting Firm
CA Vipan Mittal,5.0,(1),30.728405,76.758565,Office,Accounting Firm
Madan Kumar & Associates,4.0,(9),30.725979,76.764671,Office,Accounting Firm
K Bansal & Co.- CA in Chandigarh | Chartered Accountants in chandigarh | ca in tricity | income tax | gst | CCA,5.0,(41),30.72468,76.76509,Office,Accounting Firm
KAMB & Associates,4.9,(28),30.725403,76.748174,Office,Accounting Firm
"Sunil K Sharma & Associates - Best CA In Chandigarh, Top GST & Income Tax Consultant firm in Tricity, India",4.9,(57),30.733576,76.737088,Office,Accounting Firm
P V N S & Co,5.0,(33),30.733163,76.737369,Office,Accounting Firm
CA in Chandigarh - Singla Pawan Associates,4.9,(119),30.737792,76.732452,Office,Accounting Firm
"Sunil K Sharma & Associates - Best CA In Chandigarh, Top GST & Income Tax Consultant firm in Tricity, India",4.9,(57),30.733576,76.737088,Office,Accounting Firm
P V N S & Co,5.0,(33),30.733163,76.737369,Office,Accounting Firm
"Arora Rajiv & Associates, Chartered Accountants",5.0,(81),30.741872,76.737572,Office,Accounting Firm
CA in Chandigarh - Singla Pawan Associates,4.9,(119),30.737792,76.732452,Office,Accounting Firm
Best Chartered Accountant Firm in Chandigarh | Sunil Arora & Associates,5.0,(1),30.740821,76.744473,Office,Accounting Firm
Purminder Kaur,4.9,(265),30.679864,76.745649,Office,Accounting Firm
PRS Accounting Services LLP,5.0,(1),30.686206,76.750066,Office,Accounting Firm
eBizz Guru International Private Limited,4.8,(45),30.683909,76.749179,Office,Accounting Firm
Taxation Associates (India),5.0,(6),30.682729,76.755357,Office,Accounting Firm
"Garg Sanjeev & Associates, Chartered Accountants",5.0,(2),30.686277,76.743962,Office,Accounting Firm
PRS Accounting Services LLP,5.0,(1),30.686206,76.750066,Office,Accounting Firm
Riyasat & Associates,5.0,(1),30.694961,76.770121,Office,Accounting Firm
"Rohin Arora and Associates, Chartered Accountant Firm",5.0,(1),30.691943,76.757503,Office,Accounting Firm
VGM AND ASSOCIATES,4.7,(14),30.688052,76.737694,Office,Accounting Firm
Purminder Kaur,4.9,(265),30.679864,76.745649,Office,Accounting Firm
Sandeep DR Garg & Company - CA Firm | Chartered Accountant | ITR Filing | Income Tax Consultant in Chandigarh,5.0,(6),30.700402,76.764558,Office,Accounting Firm
AVINASH PIYUSH & ASSOCIATES CHARTERED ACCOUNTANTS,N/A,N/A,30.710936,76.768642,Office,Accounting Firm
Bansal Arun & Co.,5.0,(80),30.70337,76.759029,Office,Accounting Firm
Harnoor & Co.,5.0,(3),30.710927,76.769831,Office,Accounting Firm
"MK SAMASRAJ ASSOCIATES LAW FIRM (PROP. MANOJ KUMAR, ADVOCATE)",5.0,(3),30.704067,76.757458,Office,Accounting Firm
"Rakesh Kanwar & Co. - CA In Chandigarh,GST Consultant & income Tax Consultant in Chandigarh",4.7,(59),30.709809,76.772332,Office,Accounting Firm
"VS Garg Associates - CA in Chandigarh, Chartered Accountants in Chandigarh",4.9,(61),30.713745,76.76881,Office,Accounting Firm
CA MASTAN SINGH CHAMBYAL,5.0,(40),30.70933,76.773582,Office,Accounting Firm
K Bansal & Co.- CA in Chandigarh | Chartered Accountants in chandigarh | ca in tricity | income tax | gst | CCA,5.0,(41),30.72468,76.76509,Office,Accounting Firm
J R V R & Co.,5.0,(1),30.713755,76.768684,Office,Accounting Firm
K Bansal & Co.- CA in Chandigarh | Chartered Accountants in chandigarh | ca in tricity | income tax | gst | CCA,5.0,(41),30.72468,76.76509,Office,Accounting Firm
KAMB & Associates,4.9,(28),30.725403,76.748174,Office,Accounting Firm
The Perfect Ledgers,5.0,(2),30.723306,76.766113,Office,Accounting Firm
"VS Garg Associates - CA in Chandigarh, Chartered Accountants in Chandigarh",4.9,(61),30.713745,76.76881,Office,Accounting Firm
Goyal A Kumar & Co,5.0,(3),30.728071,76.767551,Office,Accounting Firm
K Bansal & Co.- CA in Chandigarh | Chartered Accountants in chandigarh | ca in tricity | income tax | gst | CCA,5.0,(41),30.72468,76.76509,Office,Accounting Firm
KAMB & Associates,4.9,(28),30.725403,76.748174,Office,Accounting Firm
"Sunil K Sharma & Associates - Best CA In Chandigarh, Top GST & Income Tax Consultant firm in Tricity, India",4.9,(57),30.733576,76.737088,Office,Accounting Firm
P V N S & Co,5.0,(33),30.733163,76.737369,Office,Accounting Firm
The Perfect Ledgers,5.0,(2),30.723306,76.766113,Office,Accounting Firm
"CA In Chandigarh - CA. Sumit Garg, Chartered Accountants- GST Consultants In Chandigarh",4.7,(12),30.734282,76.750444,Office,Accounting Firm
RAJESH AGGARWAL & ASSOCIATES,5.0,(1),30.734022,76.752809,Office,Accounting Firm
GST and TDS Filling Expert,N/A,N/A,30.081916,75.742212,Office,Accounting Firm
Pinnacle Legal LLP Immigration and Tax Advocates and Solicitors,4.9,(235),30.738627,76.756817,Office,Accounting Firm
BIZMETH EXPERITO LLP,5.0,(8),30.697855,76.78256,Office,Accounting Firm
eBizz Guru International Private Limited,4.8,(45),30.683909,76.749179,Office,Accounting Firm
Taxation Associates (India),5.0,(6),30.682729,76.755357,Office,Accounting Firm
Offshore Accountants,5.0,(1),30.697189,76.78293,Office,Accounting Firm
PRS Accounting Services LLP,5.0,(1),30.686206,76.750066,Office,Accounting Firm
"NAGPAL AND COMPANY Company Registration Consultant, Company Incorporation Consultant",5.0,(149),30.703329,76.777653,Office,Accounting Firm
PRS Accounting Services LLP,5.0,(1),30.686206,76.750066,Office,Accounting Firm
Riyasat & Associates,5.0,(1),30.694961,76.770121,Office,Accounting Firm
"Rohin Arora and Associates, Chartered Accountant Firm",5.0,(1),30.691943,76.757503,Office,Accounting Firm
Purminder Kaur,4.9,(265),30.679864,76.745649,Office,Accounting Firm
"Rakesh Kanwar & Co. - CA In Chandigarh,GST Consultant & income Tax Consultant in Chandigarh",4.7,(59),30.709809,76.772332,Office,Accounting Firm
"NAGPAL AND COMPANY Company Registration Consultant, Company Incorporation Consultant",5.0,(149),30.703329,76.777653,Office,Accounting Firm
CA MASTAN SINGH CHAMBYAL,5.0,(40),30.70933,76.773582,Office,Accounting Firm
"VS Garg Associates - CA in Chandigarh, Chartered Accountants in Chandigarh",4.9,(61),30.713745,76.76881,Office,Accounting Firm
BIZMETH EXPERITO LLP,5.0,(8),30.697855,76.78256,Office,Accounting Firm
"Rakesh Kanwar & Co. - CA In Chandigarh,GST Consultant & income Tax Consultant in Chandigarh",4.7,(59),30.709809,76.772332,Office,Accounting Firm
"VS Garg Associates - CA in Chandigarh, Chartered Accountants in Chandigarh",4.9,(61),30.713745,76.76881,Office,Accounting Firm
CA MASTAN SINGH CHAMBYAL,5.0,(40),30.70933,76.773582,Office,Accounting Firm
P G A & Co. - CA in Chandigarh,4.9,(28),30.722456,76.779652,Office,Accounting Firm
K Bansal & Co.- CA in Chandigarh | Chartered Accountants in chandigarh | ca in tricity | income tax | gst | CCA,5.0,(41),30.72468,76.76509,Office,Accounting Firm
K Bansal & Co.- CA in Chandigarh | Chartered Accountants in chandigarh | ca in tricity | income tax | gst | CCA,5.0,(41),30.72468,76.76509,Office,Accounting Firm
KAMB & Associates,4.9,(28),30.725403,76.748174,Office,Accounting Firm
The Perfect Ledgers,5.0,(2),30.723306,76.766113,Office,Accounting Firm
P G A & Co. - CA in Chandigarh,4.9,(28),30.722456,76.779652,Office,Accounting Firm
"VS Garg Associates - CA in Chandigarh, Chartered Accountants in Chandigarh",4.9,(61),30.713745,76.76881,Office,Accounting Firm
K Bansal & Co.- CA in Chandigarh | Chartered Accountants in chandigarh | ca in tricity | income tax | gst | CCA,5.0,(41),30.72468,76.76509,Office,Accounting Firm
KAMB & Associates,4.9,(28),30.725403,76.748174,Office,Accounting Firm
The Perfect Ledgers,5.0,(2),30.723306,76.766113,Office,Accounting Firm
NAVNEET & COMPANY,5.0,(3),30.733082,76.775159,Office,Accounting Firm
P G A & Co. - CA in Chandigarh,4.9,(28),30.722456,76.779652,Office,Accounting Firm
NAVNEET & COMPANY,5.0,(3),30.733082,76.775159,Office,Accounting Firm
Best Chartered Accountant Firm in Chandigarh | Sunil Arora & Associates,5.0,(1),30.740821,76.744473,Office,Accounting Firm
J. N. Sharma & Co. Chartered Accountants 754-22A,5.0,(3),30.736982,76.775502,Office,Accounting Firm
Duggal Gupta & Associates,5.0,(52),30.736748,76.749581,Office,Accounting Firm
Link4solution,4.7,(6),30.732907,76.77086,Office,Accounting Firm
