Purusartha Works | Marketing Agency in Chandigarh,4.9,(41),30.685925,76.755613,Office,Advertising Agency
Sam Digital Marketing Chandigarh,5.0,(2),30.687153,76.738179,Office,Advertising Agency
Ad Click Pro - Digital Marketing Agency,5.0,(12),30.681524,76.745425,Office,Advertising Agency
MindSketchers- the Creative Agency,4.9,(13),30.081916,75.742212,Office,Advertising Agency
Swastic Advertising,4.9,(36),30.701735,76.724775,Office,Advertising Agency
Purusartha Works | Marketing Agency in Chandigarh,4.9,(41),30.685925,76.755613,Office,Advertising Agency
Speedways Advertising,4.5,(30),30.700296,76.764583,Office,Advertising Agency
Rudra Advertising Company,4.1,(15),30.704878,76.7587,Office,Advertising Agency
Rainbow Advertising Co,5.0,(1),N/A,N/A,Office,Advertising Agency
Sam Digital Marketing Chandigarh,5.0,(2),30.687153,76.738179,Office,Advertising Agency
Swastic Advertising,4.9,(36),30.701735,76.724775,Office,Advertising Agency
Rudra Advertising Company,4.1,(15),30.704878,76.7587,Office,Advertising Agency
Right Scroll,5.0,(3),30.701736,76.724776,Office,Advertising Agency
Rainbow Advertising Co,5.0,(1),N/A,N/A,Office,Advertising Agency
TreeSwift Solutions Pvt. Limited,5.0,(13),30.710397,76.744638,Office,Advertising Agency
Hammer One,5.0,(102),30.72047,76.741265,Office,Advertising Agency
Monga Advertising,4.7,(14),30.723714,76.763516,Office,Advertising Agency
Kyross Media Services,5.0,(33),30.725967,76.76468,Office,Advertising Agency
TownMediaLabs | Digital Marketing Company Chandigarh,5.0,(279),30.722528,76.767979,Office,Advertising Agency
Rudra Advertising Company,4.1,(15),30.704878,76.7587,Office,Advertising Agency
Hammer One,5.0,(102),30.72047,76.741265,Office,Advertising Agency
adlib advertising & marketing consultants,4.9,(22),30.727146,76.756675,Office,Advertising Agency
AK ADVERTISING,4.5,(2),30.726946,76.757092,Office,Advertising Agency
Panchkula Advertising,4.6,(8),30.727662,76.752592,Office,Advertising Agency
"Best Digital Marketer In Chandigarh, Best SEO Company in Chandigarh, Web Designer In Chandigarh- Ritesh Verma",5.0,(80),30.722946,76.744446,Office,Advertising Agency
adlib advertising & marketing consultants,4.9,(22),30.727146,76.756675,Office,Advertising Agency
Hammer One,5.0,(102),30.72047,76.741265,Office,Advertising Agency
AK ADVERTISING,4.5,(2),30.726946,76.757092,Office,Advertising Agency
Panchkula Advertising,4.6,(8),30.727662,76.752592,Office,Advertising Agency
Amit Advertising chandigarh,4.9,(8),30.738635,76.748578,Office,Advertising Agency
Amit Advertising chandigarh,4.9,(8),30.738635,76.748578,Office,Advertising Agency
Digital Find,5.0,(14),30.740821,76.744473,Office,Advertising Agency
Roshaa Creative Agency,5.0,(8),30.738913,76.760793,Office,Advertising Agency
Airways Advertising,5.0,(1),30.733355,76.737241,Office,Advertising Agency
Advertizia Pvt.ltd.,5.0,(1),30.736992,76.731261,Office,Advertising Agency
Purusartha Works | Marketing Agency in Chandigarh,4.9,(41),30.685925,76.755613,Office,Advertising Agency
Sam Digital Marketing Chandigarh,5.0,(2),30.687153,76.738179,Office,Advertising Agency
Ad Click Pro - Digital Marketing Agency,5.0,(12),30.681524,76.745425,Office,Advertising Agency
MindSketchers- the Creative Agency,4.9,(13),30.081916,75.742212,Office,Advertising Agency
Market Enquiry - Local Classifieds Ads Chandigarh,4.7,(3),30.682844,76.742647,Office,Advertising Agency
Euriq Technologies,4.9,(146),30.702281,76.761544,Office,Advertising Agency
V Creations | Digital Marketing Services,5.0,(11),30.718515,76.773304,Office,Advertising Agency
nextlevel (Management | Strategy | Marketing | Content),5.0,(4),30.696521,76.754252,Office,Advertising Agency
Gaurav Sharma,5.0,(16),30.695277,76.763476,Office,Advertising Agency
Chinta Free Solutions,5.0,(13),30.697971,76.762566,Office,Advertising Agency
Speedways Advertising,4.5,(30),30.700296,76.764583,Office,Advertising Agency
Rudra Advertising Company,4.1,(15),30.704878,76.7587,Office,Advertising Agency
Rainbow Advertising Co,5.0,(1),N/A,N/A,Office,Advertising Agency
TreeSwift Solutions Pvt. Limited,5.0,(13),30.710397,76.744638,Office,Advertising Agency
Swastic Advertising,4.9,(36),30.701735,76.724775,Office,Advertising Agency
Hammer One,5.0,(102),30.72047,76.741265,Office,Advertising Agency
Mantrin | Digital Marketing & Advertising Agency in Chandigarh,4.6,(83),30.720932,76.769644,Office,Advertising Agency
Grid Advertising - Best Creative Advertising & Digital Marketing Agency in Chandigarh,4.8,(16),30.719539,76.768208,Office,Advertising Agency
digitalseries,4.8,(156),30.721137,76.769978,Office,Advertising Agency
Decode Advertising Pvt Ltd,4.3,(21),30.719367,76.768115,Office,Advertising Agency
Hammer One,5.0,(102),30.72047,76.741265,Office,Advertising Agency
Kyross Media Services,5.0,(33),30.725967,76.76468,Office,Advertising Agency
adlib advertising & marketing consultants,4.9,(22),30.727146,76.756675,Office,Advertising Agency
Monga Advertising,4.7,(14),30.723714,76.763516,Office,Advertising Agency
Mantrin | Digital Marketing & Advertising Agency in Chandigarh,4.6,(83),30.720932,76.769644,Office,Advertising Agency
Kyross Media Services,5.0,(33),30.725967,76.76468,Office,Advertising Agency
adlib advertising & marketing consultants,4.9,(22),30.727146,76.756675,Office,Advertising Agency
Monga Advertising,4.7,(14),30.723714,76.763516,Office,Advertising Agency
Hammer One,5.0,(102),30.72047,76.741265,Office,Advertising Agency
AK ADVERTISING,4.5,(2),30.726946,76.757092,Office,Advertising Agency
Roshaa Creative Agency,5.0,(8),30.738913,76.760793,Office,Advertising Agency
Amit Advertising chandigarh,4.9,(8),30.738635,76.748578,Office,Advertising Agency
Mediaminds Advertising,5.0,(3),30.738517,76.76234,Office,Advertising Agency
Digital Find,5.0,(14),30.740821,76.744473,Office,Advertising Agency
ORM Leaders -Graphic Designing & Digital Marketing Agency Chandigarh,4.9,(18),N/A,N/A,Office,Advertising Agency
Purusartha Works | Marketing Agency in Chandigarh,4.9,(41),30.685925,76.755613,Office,Advertising Agency
Digital Marketing Experts - Chandigarh,4.8,(5),30.692017,76.766845,Office,Advertising Agency
Quadleone Private Limited,5.0,(4),30.691957,76.766633,Office,Advertising Agency
Pinaka Digital Info Solution Pvt. Ltd.,4.8,(15),30.692408,76.767556,Office,Advertising Agency
Flymedia Technology,5.0,(1),30.692408,76.767556,Office,Advertising Agency
Speedways Advertising,4.5,(30),30.700296,76.764583,Office,Advertising Agency
Purusartha Works | Marketing Agency in Chandigarh,4.9,(41),30.685925,76.755613,Office,Advertising Agency
Rudra Advertising Company,4.1,(15),30.704878,76.7587,Office,Advertising Agency
Ad Nation Media | Best Advertising Agency in Chandigarh,4.4,(16),30.695235,76.779749,Office,Advertising Agency
Rainbow Advertising Co,5.0,(1),N/A,N/A,Office,Advertising Agency
Speedways Advertising,4.5,(30),30.700296,76.764583,Office,Advertising Agency
Rudra Advertising Company,4.1,(15),30.704878,76.7587,Office,Advertising Agency
Rainbow Advertising Co,5.0,(1),N/A,N/A,Office,Advertising Agency
TreeSwift Solutions Pvt. Limited,5.0,(13),30.710397,76.744638,Office,Advertising Agency
Hammer One,5.0,(102),30.72047,76.741265,Office,Advertising Agency
Hammer One,5.0,(102),30.72047,76.741265,Office,Advertising Agency
Mantrin | Digital Marketing & Advertising Agency in Chandigarh,4.6,(83),30.720932,76.769644,Office,Advertising Agency
digitalseries,4.8,(156),30.721137,76.769978,Office,Advertising Agency
Grid Advertising - Best Creative Advertising & Digital Marketing Agency in Chandigarh,4.8,(16),30.719539,76.768208,Office,Advertising Agency
Decode Advertising Pvt Ltd,4.3,(21),30.719367,76.768115,Office,Advertising Agency
Hammer One,5.0,(102),30.72047,76.741265,Office,Advertising Agency
Mantrin | Digital Marketing & Advertising Agency in Chandigarh,4.6,(83),30.720932,76.769644,Office,Advertising Agency
digitalseries,4.8,(156),30.721137,76.769978,Office,Advertising Agency
Kyross Media Services,5.0,(33),30.725967,76.76468,Office,Advertising Agency
adlib advertising & marketing consultants,4.9,(22),30.727146,76.756675,Office,Advertising Agency
Kyross Media Services,5.0,(33),30.725967,76.76468,Office,Advertising Agency
adlib advertising & marketing consultants,4.9,(22),30.727146,76.756675,Office,Advertising Agency
Pacific Ads - Advertising Agency in Chandigarh,4.8,(11),30.725636,76.771371,Office,Advertising Agency
Monga Advertising,4.7,(14),30.723714,76.763516,Office,Advertising Agency
Mantrin | Digital Marketing & Advertising Agency in Chandigarh,4.6,(83),30.720932,76.769644,Office,Advertising Agency
Roshaa Creative Agency,5.0,(8),30.738913,76.760793,Office,Advertising Agency
Amit Advertising chandigarh,4.9,(8),30.738635,76.748578,Office,Advertising Agency
Mediaminds Advertising,5.0,(3),30.738517,76.76234,Office,Advertising Agency
Digital Find,5.0,(14),30.740821,76.744473,Office,Advertising Agency
ORM Leaders -Graphic Designing & Digital Marketing Agency Chandigarh,4.9,(18),N/A,N/A,Office,Advertising Agency
Ad Nation Media | Best Advertising Agency in Chandigarh,4.4,(16),30.695235,76.779749,Office,Advertising Agency
Purusartha Works | Marketing Agency in Chandigarh,4.9,(41),30.685925,76.755613,Office,Advertising Agency
DigiFame Media,4.9,(201),30.697517,76.781485,Office,Advertising Agency
Speedways Advertising,4.5,(30),30.700296,76.764583,Office,Advertising Agency
WOW Marketing |,4.1,(53),30.696703,76.784964,Office,Advertising Agency
Speedways Advertising,4.5,(30),30.700296,76.764583,Office,Advertising Agency
Digital Marketing Experts - Chandigarh,4.8,(5),30.692017,76.766845,Office,Advertising Agency
Euriq Technologies,4.9,(146),30.702281,76.761544,Office,Advertising Agency
V Creations | Digital Marketing Services,5.0,(11),30.718515,76.773304,Office,Advertising Agency
Quadleone Private Limited,5.0,(4),30.691957,76.766633,Office,Advertising Agency
Speedways Advertising,4.5,(30),30.700296,76.764583,Office,Advertising Agency
Rudra Advertising Company,4.1,(15),30.704878,76.7587,Office,Advertising Agency
Rainbow Advertising Co,5.0,(1),N/A,N/A,Office,Advertising Agency
Ad Nation Media | Best Advertising Agency in Chandigarh,4.4,(16),30.695235,76.779749,Office,Advertising Agency
TreeSwift Solutions Pvt. Limited,5.0,(13),30.710397,76.744638,Office,Advertising Agency
Mantrin | Digital Marketing & Advertising Agency in Chandigarh,4.6,(83),30.720932,76.769644,Office,Advertising Agency
digitalseries,4.8,(156),30.721137,76.769978,Office,Advertising Agency
Grid Advertising - Best Creative Advertising & Digital Marketing Agency in Chandigarh,4.8,(16),30.719539,76.768208,Office,Advertising Agency
Decode Advertising Pvt Ltd,4.3,(21),30.719367,76.768115,Office,Advertising Agency
Hammer One,5.0,(102),30.72047,76.741265,Office,Advertising Agency
Mantrin | Digital Marketing & Advertising Agency in Chandigarh,4.6,(83),30.720932,76.769644,Office,Advertising Agency
digitalseries,4.8,(156),30.721137,76.769978,Office,Advertising Agency
Kyross Media Services,5.0,(33),30.725967,76.76468,Office,Advertising Agency
adlib advertising & marketing consultants,4.9,(22),30.727146,76.756675,Office,Advertising Agency
Grid Advertising - Best Creative Advertising & Digital Marketing Agency in Chandigarh,4.8,(16),30.719539,76.768208,Office,Advertising Agency
Kyross Media Services,5.0,(33),30.725967,76.76468,Office,Advertising Agency
adlib advertising & marketing consultants,4.9,(22),30.727146,76.756675,Office,Advertising Agency
Pacific Ads - Advertising Agency in Chandigarh,4.8,(11),30.725636,76.771371,Office,Advertising Agency
Monga Advertising,4.7,(14),30.723714,76.763516,Office,Advertising Agency
Mantrin | Digital Marketing & Advertising Agency in Chandigarh,4.6,(83),30.720932,76.769644,Office,Advertising Agency
Roshaa Creative Agency,5.0,(8),30.738913,76.760793,Office,Advertising Agency
Amit Advertising chandigarh,4.9,(8),30.738635,76.748578,Office,Advertising Agency
Mediaminds Advertising,5.0,(3),30.738517,76.76234,Office,Advertising Agency
Digital Find,5.0,(14),30.740821,76.744473,Office,Advertising Agency
Garg Advertising Agency | Designing & Printing Studio,5.0,(36),N/A,N/A,Office,Advertising Agency
