Office On Demand - Office space for rent in Mohali | Coworking Space Mohali,3.0,(2),30.675798,76.740597,Office,Co-working Space
Bestech Business Tower,4.3,"(5,292)",30.67565,76.740274,Office,Co-working Space
Akshansh Estates,5.0,(43),30.675642,76.740277,Office,Co-working Space
Domino's Pizza,4.0,"(1,940)",30.687481,76.737895,Office,Co-working Space
C G H S Wellness Centre,3.4,(173),30.704354,76.760663,Office,Co-working Space
Burn Gym Phase 9 Mohali,4.6,(659),30.69031,76.732967,Office,Co-working Space
SUBWAY Phase 10 Mohali,4.1,"(1,600)",30.687172,76.738082,Office,Co-working Space
IndianOil,3.8,(491),30.698511,76.758614,Office,Co-working Space
D.M. Associates Private Limited,4.4,(34),30.711283,76.752965,Office,Co-working Space
WORKAHOLICS WORKZONE,4.9,(337),30.721879,76.767959,Office,Co-working Space
Workcave Coworking,5.0,(87),30.725807,76.766881,Office,Co-working Space
Daftar Ground Zero,5.0,(2),30.718009,76.750284,Office,Co-working Space
N S Business Hub | Office space and furnished cabin in Chandigarh,5.0,(2),30.723306,76.766113,Office,Co-working Space
Spaces,5.0,(3),30.723376,76.767646,Office,Co-working Space
Daftar Ground Zero,5.0,(2),30.718009,76.750284,Office,Co-working Space
Workcave Coworking,4.5,(173),30.738561,76.748507,Office,Co-working Space
Go4Office 10236 Coworking space,N/A,N/A,30.739118,76.749843,Office,Co-working Space
Office On Demand - Office space for rent in Mohali | Coworking Space Mohali,3.0,(2),30.675798,76.740597,Office,Co-working Space
Bestech Business Tower,4.3,"(5,292)",30.67565,76.740274,Office,Co-working Space
Akshansh Estates,5.0,(43),30.675642,76.740277,Office,Co-working Space
IndianOil,3.8,(491),30.698511,76.758614,Office,Co-working Space
C G H S Wellness Centre,3.4,(173),30.704354,76.760663,Office,Co-working Space
D.M. Associates Private Limited,4.4,(34),30.711283,76.752965,Office,Co-working Space
SpaceJam Coworking in Chandigarh - Shared Office Space,4.6,(447),30.722895,76.770419,Office,Co-working Space
WORKAHOLICS WORKZONE,4.9,(337),30.721879,76.767959,Office,Co-working Space
Workcave Coworking,5.0,(87),30.725807,76.766881,Office,Co-working Space
Daftar Ground Zero,5.0,(2),30.718009,76.750284,Office,Co-working Space
N S Business Hub | Office space and furnished cabin in Chandigarh,5.0,(2),30.723306,76.766113,Office,Co-working Space
Daftar Ground Zero,5.0,(2),30.718009,76.750284,Office,Co-working Space
SpaceJam Coworking in Chandigarh - Shared Office Space,4.6,(447),30.722895,76.770419,Office,Co-working Space
Workcave Coworking,4.5,(173),30.738561,76.748507,Office,Co-working Space
WORKAHOLICS WORKZONE,4.9,(337),30.721879,76.767959,Office,Co-working Space
Workcave Coworking,5.0,(87),30.725807,76.766881,Office,Co-working Space
Go4Office 10236 Coworking space,N/A,N/A,30.739118,76.749843,Office,Co-working Space
Workcave Coworking,4.5,(173),30.738561,76.748507,Office,Co-working Space
Go4Office 10236 Coworking space,N/A,N/A,30.739118,76.749843,Office,Co-working Space
Domino's Pizza,4.0,"(1,047)",30.694566,76.770407,Office,Co-working Space
C G H S Wellness Centre,3.4,(173),30.704354,76.760663,Office,Co-working Space
IndianOil,3.8,(491),30.698511,76.758614,Office,Co-working Space
India Post,3.7,(67),30.696252,76.768002,Office,Co-working Space
C G H S Wellness Centre,3.4,(173),30.704354,76.760663,Office,Co-working Space
D.M. Associates Private Limited,4.4,(34),30.711283,76.752965,Office,Co-working Space
SpaceJam Coworking in Chandigarh - Shared Office Space,4.6,(447),30.722895,76.770419,Office,Co-working Space
WORKAHOLICS WORKZONE,4.9,(337),30.721879,76.767959,Office,Co-working Space
Workcave Coworking,5.0,(87),30.725807,76.766881,Office,Co-working Space
Daftar Ground Zero,5.0,(2),30.718009,76.750284,Office,Co-working Space
BUZZ CUBES,5.0,(5),30.724667,76.777628,Office,Co-working Space
"Regus - Chandigarh, Sec 17 A",3.7,(77),30.743853,76.784023,Office,Co-working Space
SpaceJam Coworking in Chandigarh - Shared Office Space,4.6,(447),30.722895,76.770419,Office,Co-working Space
Workcave Coworking,5.0,(87),30.725807,76.766881,Office,Co-working Space
WORKAHOLICS WORKZONE,4.9,(337),30.721879,76.767959,Office,Co-working Space
Daftar Ground Zero,5.0,(2),30.718009,76.750284,Office,Co-working Space
Workcave Coworking,5.0,(87),30.725807,76.766881,Office,Co-working Space
Alliance Francaise de Chandigarh,4.6,(279),30.735877,76.758365,Office,Co-working Space
Regus,N/A,N/A,30.705648,76.801293,Office,Co-working Space
WorkYard Coworking Space Chandigarh,4.7,(64),30.698396,76.784798,Office,Co-working Space
neevspaces.com,N/A,N/A,30.698511,76.784699,Office,Co-working Space
Domino's Pizza,4.0,"(1,047)",30.694566,76.770407,Office,Co-working Space
IndianOil,3.8,(491),30.698511,76.758614,Office,Co-working Space
India Post,3.7,(67),30.696252,76.768002,Office,Co-working Space
Regus,N/A,N/A,30.705648,76.801293,Office,Co-working Space
WorkYard Coworking Space Chandigarh,4.7,(64),30.698396,76.784798,Office,Co-working Space
neevspaces.com,N/A,N/A,30.698511,76.784699,Office,Co-working Space
"Regus - Chandigarh, Sec 17 A",3.7,(77),30.743853,76.784023,Office,Co-working Space
SpaceJam Coworking in Chandigarh - Shared Office Space,4.6,(447),30.722895,76.770419,Office,Co-working Space
Workcave Coworking,5.0,(87),30.725807,76.766881,Office,Co-working Space
WORKAHOLICS WORKZONE,4.9,(337),30.721879,76.767959,Office,Co-working Space
Daftar Ground Zero,5.0,(2),30.718009,76.750284,Office,Co-working Space
"Regus - Chandigarh, Sec 17 A",3.7,(77),30.743853,76.784023,Office,Co-working Space
IDEA Co-working,4.9,(247),30.740837,76.783829,Office,Co-working Space
SpaceJam Coworking in Chandigarh - Shared Office Space,4.6,(447),30.722895,76.770419,Office,Co-working Space
Workcave Coworking,4.5,(173),30.738561,76.748507,Office,Co-working Space
Next57 Coworking Sector 17,4.6,(87),30.739696,76.784752,Office,Co-working Space
Alliance Francaise de Chandigarh,4.6,(279),30.735877,76.758365,Office,Co-working Space
