Jatesh Bhalla Insurance & Investment Services,4.9,(9),N/A,N/A,Office,Insurance Agency
Vehicle Insurance In Mohali,4.9,(124),31.026816,75.410647,Office,Insurance Agency
UNITED INDIA INSURANCE COMPANY LIMITED,3.5,(70),30.693645,76.736814,Office,Insurance Agency
Insurance in mohali,5.0,(2),30.697218,76.738086,Office,Insurance Agency
HAKAM SINGH JAWANDA - INSURANCE ADVISOR,5.0,(2),30.681008,76.748344,Office,Insurance Agency
Jatesh Bhalla Insurance & Investment Services,4.9,(9),N/A,N/A,Office,Insurance Agency
TruInsured Bima - Insurance Company in Chandigarh,5.0,(13),30.701772,76.760397,Office,Insurance Agency
HEALTH INSURANCE IN MOHALI CHANDIGARH,4.5,(12),30.693465,76.725982,Office,Insurance Agency
UNITED INDIA INSURANCE COMPANY LIMITED,3.5,(70),30.693645,76.736814,Office,Insurance Agency
Insurance in mohali,5.0,(2),30.697218,76.738086,Office,Insurance Agency
HDFC ERGO Insurance Agent : Balvinder Singh,N/A,N/A,30.698965,76.749587,Office,Insurance Agency
LIC of India Adviser,N/A,N/A,21.068007,82.752529,Office,Insurance Agency
Sudoku Solvers Pvt Ltd,5.0,(6),N/A,N/A,Office,Insurance Agency
"Insurance & Third party, Vikas Bansal Insurance Service (VBIS)",N/A,N/A,30.706952,76.752949,Office,Insurance Agency
Tejinder Saini,N/A,N/A,30.710561,76.753066,Office,Insurance Agency
Grewal Insurance Consultants,5.0,(2),30.707379,76.758411,Office,Insurance Agency
Bisht Insurance & Services,5.0,(9),30.716315,76.751734,Office,Insurance Agency
TruInsured Bima - Insurance Company in Chandigarh,5.0,(13),30.701772,76.760397,Office,Insurance Agency
HDFC Life,3.6,(248),30.718118,76.754495,Office,Insurance Agency
"LIFE INSURANCE CONSULTANT AT LIC OF INDIA, LIC ADVISOR",5.0,(9),30.710017,76.733152,Office,Insurance Agency
Bisht Insurance & Services,5.0,(9),30.716315,76.751734,Office,Insurance Agency
HDFC Life,3.6,(248),30.718118,76.754495,Office,Insurance Agency
Maestro Services,N/A,N/A,30.721824,76.746755,Office,Insurance Agency
NADIA INSURANCE SERVICE,4.7,(28),30.730783,76.727361,Office,Insurance Agency
LIC of India - Insurance Advisor (Sheshmani),4.9,(30),30.734567,76.739896,Office,Insurance Agency
Harit Insurance,5.0,(5),30.731511,76.748934,Office,Insurance Agency
"car,bike,health insurance",5.0,(3),30.731676,76.742908,Office,Insurance Agency
UNITED INDIA INSURANCE CO. LTD,2.8,(4),30.726162,76.759622,Office,Insurance Agency
NADIA INSURANCE SERVICE,4.7,(28),30.730783,76.727361,Office,Insurance Agency
MOTOR INSURANCE || HEALTH INSURANCE || IN Chandigarh & Mohali Punjab,4.8,(48),30.745306,76.737537,Office,Insurance Agency
LIC of India - Insurance Advisor (Sheshmani),4.9,(30),30.734567,76.739896,Office,Insurance Agency
The Oriental Insurance Company Ltd.,4.3,(3),30.740207,76.73476,Office,Insurance Agency
Harit Insurance,5.0,(5),30.731511,76.748934,Office,Insurance Agency
Jatesh Bhalla Insurance & Investment Services,4.9,(9),N/A,N/A,Office,Insurance Agency
Vehicle Insurance In Mohali,4.9,(124),31.026816,75.410647,Office,Insurance Agency
UNITED INDIA INSURANCE COMPANY LIMITED,3.5,(70),30.693645,76.736814,Office,Insurance Agency
HAKAM SINGH JAWANDA - INSURANCE ADVISOR,5.0,(2),30.681008,76.748344,Office,Insurance Agency
LIC OF INDIA CERTIFIED INSURENCE ADVISOR MOHALI PHASE 2 BRANCH,5.0,(15),30.692628,76.734142,Office,Insurance Agency
Jatesh Bhalla Insurance & Investment Services,4.9,(9),N/A,N/A,Office,Insurance Agency
TruInsured Bima - Insurance Company in Chandigarh,5.0,(13),30.701772,76.760397,Office,Insurance Agency
UNITED INDIA INSURANCE COMPANY LIMITED,3.5,(70),30.693645,76.736814,Office,Insurance Agency
Insurance in mohali,5.0,(2),30.697218,76.738086,Office,Insurance Agency
Vehicle Insurance In Mohali,4.9,(124),31.026816,75.410647,Office,Insurance Agency
TruInsured Bima - Insurance Company in Chandigarh,5.0,(13),30.701772,76.760397,Office,Insurance Agency
Grewal Insurance Consultants,5.0,(2),30.707379,76.758411,Office,Insurance Agency
Jatesh Bhalla Insurance & Investment Services,4.9,(9),N/A,N/A,Office,Insurance Agency
Insurance in mohali,5.0,(2),30.697218,76.738086,Office,Insurance Agency
"BIKE INSURANCE, CAR INSURANCE",5.0,(6),30.697002,76.75866,Office,Insurance Agency
Grewal Insurance Consultants,5.0,(2),30.707379,76.758411,Office,Insurance Agency
Bisht Insurance & Services,5.0,(9),30.716315,76.751734,Office,Insurance Agency
National Insurance,3.9,(95),30.721369,76.767364,Office,Insurance Agency
TruInsured Bima - Insurance Company in Chandigarh,5.0,(13),30.701772,76.760397,Office,Insurance Agency
HDFC Life,3.6,(248),30.718118,76.754495,Office,Insurance Agency
Bisht Insurance & Services,5.0,(9),30.716315,76.751734,Office,Insurance Agency
NADIA INSURANCE SERVICE,4.7,(28),30.730783,76.727361,Office,Insurance Agency
National Insurance,3.9,(95),30.721369,76.767364,Office,Insurance Agency
UNITED INDIA INSURANCE CO. LTD,2.8,(4),30.726162,76.759622,Office,Insurance Agency
"RenewBuy | Get Best Quotes for Health, Motor & Life Insurance in Chandigarh",4.5,(12),30.721981,76.768954,Office,Insurance Agency
LIC of India - Insurance Advisor (Sheshmani),4.9,(30),30.734567,76.739896,Office,Insurance Agency
Harit Insurance,5.0,(5),30.731511,76.748934,Office,Insurance Agency
NADIA INSURANCE SERVICE,4.7,(28),30.730783,76.727361,Office,Insurance Agency
"car,bike,health insurance",5.0,(3),30.731676,76.742908,Office,Insurance Agency
UNITED INDIA INSURANCE CO. LTD,2.8,(4),30.726162,76.759622,Office,Insurance Agency
MOTOR INSURANCE || HEALTH INSURANCE || IN Chandigarh & Mohali Punjab,4.8,(48),30.745306,76.737537,Office,Insurance Agency
LIC of India - Insurance Advisor (Sheshmani),4.9,(30),30.734567,76.739896,Office,Insurance Agency
The Oriental Insurance Company Ltd.,4.3,(3),30.740207,76.73476,Office,Insurance Agency
NADIA INSURANCE SERVICE,4.7,(28),30.730783,76.727361,Office,Insurance Agency
Harit Insurance,5.0,(5),30.731511,76.748934,Office,Insurance Agency
Jatesh Bhalla Insurance & Investment Services,4.9,(9),N/A,N/A,Office,Insurance Agency
Vehicle Insurance In Mohali,4.9,(124),31.026816,75.410647,Office,Insurance Agency
HAKAM SINGH JAWANDA - INSURANCE ADVISOR,5.0,(2),30.681008,76.748344,Office,Insurance Agency
SANJEEV SHARMA,5.0,(11),30.692891,76.767009,Office,Insurance Agency
UNITED INDIA INSURANCE COMPANY LIMITED,3.5,(70),30.693645,76.736814,Office,Insurance Agency
Jatesh Bhalla Insurance & Investment Services,4.9,(9),N/A,N/A,Office,Insurance Agency
TruInsured Bima - Insurance Company in Chandigarh,5.0,(13),30.701772,76.760397,Office,Insurance Agency
Vehicle Insurance In Mohali,4.9,(124),31.026816,75.410647,Office,Insurance Agency
Insurance in mohali,5.0,(2),30.697218,76.738086,Office,Insurance Agency
SANJEEV SHARMA,5.0,(11),30.692891,76.767009,Office,Insurance Agency
TruInsured Bima - Insurance Company in Chandigarh,5.0,(13),30.701772,76.760397,Office,Insurance Agency
Grewal Insurance Consultants,5.0,(2),30.707379,76.758411,Office,Insurance Agency
LIC Insurance Consultant Advisor,N/A,N/A,30.704299,76.76222,Office,Insurance Agency
Krishna Associates,N/A,N/A,30.699614,76.766281,Office,Insurance Agency
LIC of India Adviser,N/A,N/A,21.068007,82.752529,Office,Insurance Agency
Grewal Insurance Consultants,5.0,(2),30.707379,76.758411,Office,Insurance Agency
Bisht Insurance & Services,5.0,(9),30.716315,76.751734,Office,Insurance Agency
National Insurance,3.9,(95),30.721369,76.767364,Office,Insurance Agency
"RenewBuy | Get Best Quotes for Health, Motor & Life Insurance in Chandigarh",4.5,(12),30.721981,76.768954,Office,Insurance Agency
Bharti AXA Life Insurance,3.9,(76),30.720375,76.769081,Office,Insurance Agency
"RenewBuy | Get Best Quotes for Health, Motor & Life Insurance in Chandigarh",4.5,(12),30.721981,76.768954,Office,Insurance Agency
Bisht Insurance & Services,5.0,(9),30.716315,76.751734,Office,Insurance Agency
National Insurance,3.9,(95),30.721369,76.767364,Office,Insurance Agency
Goldkey Insurance Brokers Private Limited,4.6,(53),30.723072,76.768389,Office,Insurance Agency
Bharti AXA Life Insurance,3.9,(76),30.720375,76.769081,Office,Insurance Agency
LIC of India - Insurance Advisor (Sheshmani),4.9,(30),30.734567,76.739896,Office,Insurance Agency
Harit Insurance,5.0,(5),30.731511,76.748934,Office,Insurance Agency
Reliance General Insurance Co Limited,3.2,(6),30.732999,76.771162,Office,Insurance Agency
"car,bike,health insurance",5.0,(3),30.731676,76.742908,Office,Insurance Agency
Goldkey Insurance Brokers Private Limited,4.6,(53),30.723072,76.768389,Office,Insurance Agency
INSURANCE AGENT,5.0,(1),30.733405,76.767513,Office,Insurance Agency
MakeMyPolicy,N/A,N/A,21.068007,82.752529,Office,Insurance Agency
Jatesh Bhalla Insurance & Investment Services,4.9,(9),N/A,N/A,Office,Insurance Agency
HAKAM SINGH JAWANDA - INSURANCE ADVISOR,5.0,(2),30.681008,76.748344,Office,Insurance Agency
SANJEEV SHARMA,5.0,(11),30.692891,76.767009,Office,Insurance Agency
icici prudential life insurance company,3.7,(25),30.691472,76.767657,Office,Insurance Agency
Vehicle Insurance In Mohali,4.9,(124),31.026816,75.410647,Office,Insurance Agency
Jatesh Bhalla Insurance & Investment Services,4.9,(9),N/A,N/A,Office,Insurance Agency
TruInsured Bima - Insurance Company in Chandigarh,5.0,(13),30.701772,76.760397,Office,Insurance Agency
SANJEEV SHARMA,5.0,(11),30.692891,76.767009,Office,Insurance Agency
"BIKE INSURANCE, CAR INSURANCE",5.0,(6),30.697002,76.75866,Office,Insurance Agency
icici prudential life insurance company,3.7,(25),30.691472,76.767657,Office,Insurance Agency
TruInsured Bima - Insurance Company in Chandigarh,5.0,(13),30.701772,76.760397,Office,Insurance Agency
Grewal Insurance Consultants,5.0,(2),30.707379,76.758411,Office,Insurance Agency
CHETAK PAL LIC AGENT SECTOR 32 CHANDIGARH,5.0,(8),30.709336,76.776602,Office,Insurance Agency
Jatesh Bhalla Insurance & Investment Services,4.9,(9),N/A,N/A,Office,Insurance Agency
Insurance Point,5.0,(53),30.696922,76.792967,Office,Insurance Agency
Grewal Insurance Consultants,5.0,(2),30.707379,76.758411,Office,Insurance Agency
Bisht Insurance & Services,5.0,(9),30.716315,76.751734,Office,Insurance Agency
Oriental Insurance Company Ltd.,5.0,(3),30.717352,76.776702,Office,Insurance Agency
National Insurance,3.9,(95),30.721369,76.767364,Office,Insurance Agency
"RenewBuy | Get Best Quotes for Health, Motor & Life Insurance in Chandigarh",4.5,(12),30.721981,76.768954,Office,Insurance Agency
"RenewBuy | Get Best Quotes for Health, Motor & Life Insurance in Chandigarh",4.5,(12),30.721981,76.768954,Office,Insurance Agency
Bisht Insurance & Services,5.0,(9),30.716315,76.751734,Office,Insurance Agency
National Insurance,3.9,(95),30.721369,76.767364,Office,Insurance Agency
Oriental Insurance Company Ltd.,5.0,(3),30.717352,76.776702,Office,Insurance Agency
Goldkey Insurance Brokers Private Limited,4.6,(53),30.723072,76.768389,Office,Insurance Agency
Alpha Insurance Services,4.7,(3),30.7328,76.776331,Office,Insurance Agency
Harit Insurance,5.0,(5),30.731511,76.748934,Office,Insurance Agency
Reliance General Insurance Co Limited,3.2,(6),30.732999,76.771162,Office,Insurance Agency
Goldkey Insurance Brokers Private Limited,4.6,(53),30.723072,76.768389,Office,Insurance Agency
INSURANCE AGENT,5.0,(1),30.733405,76.767513,Office,Insurance Agency
Reliance General Insurance Co Limited,3.2,(6),30.732999,76.771162,Office,Insurance Agency
INSURANCE AGENT,5.0,(1),30.733405,76.767513,Office,Insurance Agency
Third Party Insurance,N/A,N/A,30.658639,76.824388,Office,Insurance Agency
MakeMyPolicy,N/A,N/A,21.068007,82.752529,Office,Insurance Agency
