B S Makar Adv Law Office,5.0,(271),30.689802,76.742525,Office,Law Firm
Pranav Handa Advocate office,5.0,(16),30.693283,76.74376,Office,Law Firm
Advocate Amit Antil,5.0,(42),30.68121,76.727925,Office,Law Firm
LEGAL EYE : The Best Law Firm,5.0,(41),30.699057,76.739174,Office,Law Firm
Insurance Legal Support,4.9,(134),30.689826,76.742522,Office,Law Firm
LEGAL EYE : The Best Law Firm,5.0,(41),30.699057,76.739174,Office,Law Firm
B S Makar Adv Law Office,5.0,(271),30.689802,76.742525,Office,Law Firm
Pranav Handa Advocate office,5.0,(16),30.693283,76.74376,Office,Law Firm
Insurance Legal Support,4.9,(134),30.689826,76.742522,Office,Law Firm
"P I P Singh & Associates, 567, sec 64, Mohali",5.0,(1),30.691083,76.741694,Office,Law Firm
LEGAL EYE : The Best Law Firm,5.0,(41),30.699057,76.739174,Office,Law Firm
Vishal Sharma Advocate,5.0,(11),30.712243,76.758036,Office,Law Firm
Prime Lawyers,5.0,(4),30.69859,76.75188,Office,Law Firm
Lawyer,5.0,(6),30.69889,76.739039,Office,Law Firm
Avish Malhotra,4.9,(186),30.719247,76.744327,Office,Law Firm
Avish Malhotra,4.9,(186),30.719247,76.744327,Office,Law Firm
Vishal Sharma Advocate,5.0,(11),30.712243,76.758036,Office,Law Firm
Advocate Sukhbir Singh Hooda,5.0,"(1,936)",30.715382,76.751911,Office,Law Firm
LegalSeva,4.9,(15),30.720769,76.74639,Office,Law Firm
NYAYA LEGAL FIRM,5.0,(28),30.719058,76.748704,Office,Law Firm
Avish Malhotra,4.9,(186),30.719247,76.744327,Office,Law Firm
B&B Associates LLP,4.9,(129),30.733969,76.742069,Office,Law Firm
Sher Singh Rathore and Associates,4.6,(34),30.722338,76.750178,Office,Law Firm
LegalSeva,4.9,(15),30.720769,76.74639,Office,Law Firm
Advocate Sukhbir Singh Hooda,5.0,"(1,936)",30.715382,76.751911,Office,Law Firm
B&B Associates LLP,4.9,(129),30.733969,76.742069,Office,Law Firm
RK Legal Advisors India LLP,5.0,(42),30.739165,76.731348,Office,Law Firm
Deepak Malhotra,5.0,(21),30.728649,76.758292,Office,Law Firm
Advocate Gagandeep Singh,4.9,(13),30.73844,76.764523,Office,Law Firm
Avish Malhotra,4.9,(186),30.719247,76.744327,Office,Law Firm
B&B Associates LLP,4.9,(129),30.733969,76.742069,Office,Law Firm
RK Legal Advisors India LLP,5.0,(42),30.739165,76.731348,Office,Law Firm
Visa Law: Immigration Lawyers,4.9,(349),30.743034,76.744836,Office,Law Firm
Pinnacle Legal LLP Immigration and Tax Advocates and Solicitors,4.9,(235),30.738627,76.756817,Office,Law Firm
Advocate Gagandeep Singh,4.9,(13),30.73844,76.764523,Office,Law Firm
B S Makar Adv Law Office,5.0,(271),30.689802,76.742525,Office,Law Firm
Pranav Handa Advocate office,5.0,(16),30.693283,76.74376,Office,Law Firm
LEGAL EYE : The Best Law Firm,5.0,(41),30.699057,76.739174,Office,Law Firm
Insurance Legal Support,4.9,(134),30.689826,76.742522,Office,Law Firm
"P I P Singh & Associates, 567, sec 64, Mohali",5.0,(1),30.691083,76.741694,Office,Law Firm
LEGAL EYE : The Best Law Firm,5.0,(41),30.699057,76.739174,Office,Law Firm
B S Makar Adv Law Office,5.0,(271),30.689802,76.742525,Office,Law Firm
Pranav Handa Advocate office,5.0,(16),30.693283,76.74376,Office,Law Firm
Prime Lawyers,5.0,(4),30.69859,76.75188,Office,Law Firm
Insurance Legal Support,4.9,(134),30.689826,76.742522,Office,Law Firm
"Law office of Ajay Pal Singh, Advocate",4.6,(9),30.700342,76.744659,Office,Law Firm
Navdeep Kalair Advocate (Punjab and Haryana High Court) Advocate in Chandigarh,4.9,(142),30.710901,76.761275,Office,Law Firm
Best Lawyer Near Me,N/A,N/A,30.70086,76.75951,Office,Law Firm
akhilesh law office,N/A,N/A,30.699868,76.750966,Office,Law Firm
"MK SAMASRAJ ASSOCIATES LAW FIRM (PROP. MANOJ KUMAR, ADVOCATE)",5.0,(3),30.704067,76.757458,Office,Law Firm
Avish Malhotra,4.9,(186),30.719247,76.744327,Office,Law Firm
Vishal Sharma Advocate,5.0,(11),30.712243,76.758036,Office,Law Firm
Advocate Sukhbir Singh Hooda,5.0,"(1,936)",30.715382,76.751911,Office,Law Firm
LegalSeva,4.9,(15),30.720769,76.74639,Office,Law Firm
NYAYA LEGAL FIRM,5.0,(28),30.719058,76.748704,Office,Law Firm
Avish Malhotra,4.9,(186),30.719247,76.744327,Office,Law Firm
B&B Associates LLP,4.9,(129),30.733969,76.742069,Office,Law Firm
Sher Singh Rathore and Associates,4.6,(34),30.722338,76.750178,Office,Law Firm
LegalSeva,4.9,(15),30.720769,76.74639,Office,Law Firm
Advocate Sukhbir Singh Hooda,5.0,"(1,936)",30.715382,76.751911,Office,Law Firm
B&B Associates LLP,4.9,(129),30.733969,76.742069,Office,Law Firm
Advocate Gagandeep Singh,4.9,(13),30.73844,76.764523,Office,Law Firm
RK Legal Advisors India LLP,5.0,(42),30.739165,76.731348,Office,Law Firm
Deepak Malhotra,5.0,(21),30.728649,76.758292,Office,Law Firm
Avish Malhotra,4.9,(186),30.719247,76.744327,Office,Law Firm
B&B Associates LLP,4.9,(129),30.733969,76.742069,Office,Law Firm
Advocate Gagandeep Singh,4.9,(13),30.73844,76.764523,Office,Law Firm
RK Legal Advisors India LLP,5.0,(42),30.739165,76.731348,Office,Law Firm
Visa Law: Immigration Lawyers,4.9,(349),30.743034,76.744836,Office,Law Firm
Pinnacle Legal LLP Immigration and Tax Advocates and Solicitors,4.9,(235),30.738627,76.756817,Office,Law Firm
Sardana Law Office,5.0,(5),30.692149,76.757368,Office,Law Firm
Chetan law office,5.0,(4),30.69429,76.764414,Office,Law Firm
Archit Gupta Advocate,N/A,N/A,30.689382,76.76245,Office,Law Firm
Gagneshwar Walia Advocate,5.0,(1),30.690761,76.758008,Office,Law Firm
Rohit Sapra Advocate,4.7,(11),30.689048,76.764347,Office,Law Firm
LEGAL EYE : The Best Law Firm,5.0,(41),30.699057,76.739174,Office,Law Firm
B S Makar Adv Law Office,5.0,(271),30.689802,76.742525,Office,Law Firm
Pranav Handa Advocate office,5.0,(16),30.693283,76.74376,Office,Law Firm
Prime Lawyers,5.0,(4),30.69859,76.75188,Office,Law Firm
Jindal & Jindal Advocates,5.0,(5),30.702421,76.768767,Office,Law Firm
Jindal & Jindal Advocates,5.0,(5),30.702421,76.768767,Office,Law Firm
Navdeep Kalair Advocate (Punjab and Haryana High Court) Advocate in Chandigarh,4.9,(142),30.710901,76.761275,Office,Law Firm
Best Lawyer Near Me,N/A,N/A,30.70086,76.75951,Office,Law Firm
akhilesh law office,N/A,N/A,30.699868,76.750966,Office,Law Firm
"MK SAMASRAJ ASSOCIATES LAW FIRM (PROP. MANOJ KUMAR, ADVOCATE)",5.0,(3),30.704067,76.757458,Office,Law Firm
Avish Malhotra,4.9,(186),30.719247,76.744327,Office,Law Firm
Vishal Sharma Advocate,5.0,(11),30.712243,76.758036,Office,Law Firm
Advocate Sukhbir Singh Hooda,5.0,"(1,936)",30.715382,76.751911,Office,Law Firm
LegalSeva,4.9,(15),30.720769,76.74639,Office,Law Firm
NYAYA LEGAL FIRM,5.0,(28),30.719058,76.748704,Office,Law Firm
Avish Malhotra,4.9,(186),30.719247,76.744327,Office,Law Firm
B&B Associates LLP,4.9,(129),30.733969,76.742069,Office,Law Firm
Sher Singh Rathore and Associates,4.6,(34),30.722338,76.750178,Office,Law Firm
LegalSeva,4.9,(15),30.720769,76.74639,Office,Law Firm
Advocate Sukhbir Singh Hooda,5.0,"(1,936)",30.715382,76.751911,Office,Law Firm
B&B Associates LLP,4.9,(129),30.733969,76.742069,Office,Law Firm
Advocate Gagandeep Singh,4.9,(13),30.73844,76.764523,Office,Law Firm
Simply Divorced,5.0,(186),30.737391,76.767756,Office,Law Firm
Deepak Malhotra,5.0,(21),30.728649,76.758292,Office,Law Firm
Legally For You,4.9,(36),30.722693,76.775117,Office,Law Firm
B&B Associates LLP,4.9,(129),30.733969,76.742069,Office,Law Firm
Advocate Gagandeep Singh,4.9,(13),30.73844,76.764523,Office,Law Firm
SimranLaw | Best Lawyers in Chandigarh,4.9,(397),30.747037,76.775327,Office,Law Firm
The Law Codes,4.9,(47),30.746698,76.772026,Office,Law Firm
Visa Law: Immigration Lawyers,4.9,(349),30.743034,76.744836,Office,Law Firm
B S Makar Adv Law Office,5.0,(271),30.689802,76.742525,Office,Law Firm
Pranav Handa Advocate office,5.0,(16),30.693283,76.74376,Office,Law Firm
LEGAL EYE : The Best Law Firm,5.0,(41),30.699057,76.739174,Office,Law Firm
Chetan law office,5.0,(4),30.69429,76.764414,Office,Law Firm
Sardana Law Office,5.0,(5),30.692149,76.757368,Office,Law Firm
B S Makar Adv Law Office,5.0,(271),30.689802,76.742525,Office,Law Firm
Pranav Handa Advocate office,5.0,(16),30.693283,76.74376,Office,Law Firm
Prime Lawyers,5.0,(4),30.69859,76.75188,Office,Law Firm
Jindal & Jindal Advocates,5.0,(5),30.702421,76.768767,Office,Law Firm
LEGAL EYE : The Best Law Firm,5.0,(41),30.699057,76.739174,Office,Law Firm
ADV. NEHA GUPTA-PUNJAB & HARYANA HIGH COURT,4.9,(91),30.712485,76.777528,Office,Law Firm
Vishal Sharma Advocate,5.0,(11),30.712243,76.758036,Office,Law Firm
Advocate Sukhbir Singh Hooda,5.0,"(1,936)",30.715382,76.751911,Office,Law Firm
Prime Lawyers,5.0,(4),30.69859,76.75188,Office,Law Firm
Ranjan Lohan & Associates | Lohan Law Group,4.6,(10),30.713071,76.774189,Office,Law Firm
Avish Malhotra,4.9,(186),30.719247,76.744327,Office,Law Firm
ADV. NEHA GUPTA-PUNJAB & HARYANA HIGH COURT,4.9,(91),30.712485,76.777528,Office,Law Firm
Vishal Sharma Advocate,5.0,(11),30.712243,76.758036,Office,Law Firm
Legally For You,4.9,(36),30.722693,76.775117,Office,Law Firm
Advocate Sukhbir Singh Hooda,5.0,"(1,936)",30.715382,76.751911,Office,Law Firm
Legally For You,4.9,(36),30.722693,76.775117,Office,Law Firm
Avish Malhotra,4.9,(186),30.719247,76.744327,Office,Law Firm
Sher Singh Rathore and Associates,4.6,(34),30.722338,76.750178,Office,Law Firm
B&B Associates LLP,4.9,(129),30.733969,76.742069,Office,Law Firm
LegalSeva,4.9,(15),30.720769,76.74639,Office,Law Firm
B&B Associates LLP,4.9,(129),30.733969,76.742069,Office,Law Firm
Advocate Gagandeep Singh,4.9,(13),30.73844,76.764523,Office,Law Firm
Chatrath Law Chambers,4.9,(89),30.731135,76.776794,Office,Law Firm
Legally For You,4.9,(36),30.722693,76.775117,Office,Law Firm
TRI-CITY LEGAL,5.0,(16),30.73703,76.775905,Office,Law Firm
SimranLaw | Best Lawyers in Chandigarh,4.9,(397),30.747037,76.775327,Office,Law Firm
Advocate Gagandeep Singh,4.9,(13),30.73844,76.764523,Office,Law Firm
B&B Associates LLP,4.9,(129),30.733969,76.742069,Office,Law Firm
The Law Codes,4.9,(47),30.746698,76.772026,Office,Law Firm
Visa Law: Immigration Lawyers,4.9,(349),30.743034,76.744836,Office,Law Firm
