Purusartha Works | Marketing Agency in Chandigarh,4.9,(41),30.685925,76.755613,Office,Media Company
Kohli Media LLP,4.2,(10),14.157641,71.602886,Office,Media Company
Cosmos Media - Website Designing Company in Mohali,5.0,(2),30.680213,76.726292,Office,Media Company
JB Media Pvt Ltd,5.0,(10),30.676374,76.747985,Office,Media Company
Best Digital Marketing Company in the World 2024,5.0,(8),30.68058,76.745946,Office,Media Company
APE Media - Corporate Shoots | Events | Ad Films | Music Videos | Video Production Services |,5.0,(242),30.706335,76.743571,Office,Media Company
Purusartha Works | Marketing Agency in Chandigarh,4.9,(41),30.685925,76.755613,Office,Media Company
Euriq Technologies,4.9,(146),30.702281,76.761544,Office,Media Company
Kohli Media LLP,4.2,(10),14.157641,71.602886,Office,Media Company
Press Conference Chandigarh,5.0,(2),30.704067,76.757458,Office,Media Company
APE Media - Corporate Shoots | Events | Ad Films | Music Videos | Video Production Services |,5.0,(242),30.706335,76.743571,Office,Media Company
Press Conference Chandigarh,5.0,(2),30.704067,76.757458,Office,Media Company
Beetle Media Group- best digital marketing agency in Mohali,5.0,(7),30.704994,76.722412,Office,Media Company
MEDIA HEIGHTS,4.8,(12),30.725959,76.725254,Office,Media Company
Cyber Chord | Social Media Company in Mohali,4.6,(24),30.709361,76.707003,Office,Media Company
Ryan Media,5.0,(4),30.721808,76.759796,Office,Media Company
APE Media - Corporate Shoots | Events | Ad Films | Music Videos | Video Production Services |,5.0,(242),30.706335,76.743571,Office,Media Company
TownMediaLabs | Digital Marketing Company Chandigarh,5.0,(279),30.722528,76.767979,Office,Media Company
"Best Digital Marketer In Chandigarh, Best SEO Company in Chandigarh, Web Designer In Chandigarh- Ritesh Verma",5.0,(80),30.722946,76.744446,Office,Media Company
Team Solutions,5.0,(1),30.721262,76.764461,Office,Media Company
MEDIA HEIGHTS,4.8,(12),30.725959,76.725254,Office,Media Company
Ryan Media,5.0,(4),30.721808,76.759796,Office,Media Company
"Best Digital Marketer In Chandigarh, Best SEO Company in Chandigarh, Web Designer In Chandigarh- Ritesh Verma",5.0,(80),30.722946,76.744446,Office,Media Company
Media Publicity,3.6,(39),30.733149,76.737468,Office,Media Company
Cyber Chord | Social Media Company in Mohali,4.6,(24),30.709361,76.707003,Office,Media Company
MEDIA HEIGHTS,4.8,(12),30.725959,76.725254,Office,Media Company
Media Publicity,3.6,(39),30.733149,76.737468,Office,Media Company
Ryan Media,5.0,(4),30.721808,76.759796,Office,Media Company
Cyber Point,4.0,(4),30.736006,76.750132,Office,Media Company
"Best Digital Marketer In Chandigarh, Best SEO Company in Chandigarh, Web Designer In Chandigarh- Ritesh Verma",5.0,(80),30.722946,76.744446,Office,Media Company
Media Publicity,3.6,(39),30.733149,76.737468,Office,Media Company
MEDIA HEIGHTS,4.8,(12),30.725959,76.725254,Office,Media Company
Cyber Point,4.0,(4),30.736006,76.750132,Office,Media Company
Moments Media,5.0,(23),30.733818,76.737983,Office,Media Company
Ryan Media,5.0,(4),30.721808,76.759796,Office,Media Company
Purusartha Works | Marketing Agency in Chandigarh,4.9,(41),30.685925,76.755613,Office,Media Company
JB Media Pvt Ltd,5.0,(10),30.676374,76.747985,Office,Media Company
Best Digital Marketing Company in the World 2024,5.0,(8),30.68058,76.745946,Office,Media Company
Best Digital Marketer in Mohali,5.0,(1),30.685059,76.74861,Office,Media Company
Cosmos Media - Website Designing Company in Mohali,5.0,(2),30.680213,76.726292,Office,Media Company
APE Media - Corporate Shoots | Events | Ad Films | Music Videos | Video Production Services |,5.0,(242),30.706335,76.743571,Office,Media Company
Euriq Technologies,4.9,(146),30.702281,76.761544,Office,Media Company
Press Conference Chandigarh,5.0,(2),30.704067,76.757458,Office,Media Company
Purusartha Works | Marketing Agency in Chandigarh,4.9,(41),30.685925,76.755613,Office,Media Company
JB Media Pvt Ltd,5.0,(10),30.676374,76.747985,Office,Media Company
APE Media - Corporate Shoots | Events | Ad Films | Music Videos | Video Production Services |,5.0,(242),30.706335,76.743571,Office,Media Company
Press Conference Chandigarh,5.0,(2),30.704067,76.757458,Office,Media Company
Euriq Technologies,4.9,(146),30.702281,76.761544,Office,Media Company
TownMediaLabs | Digital Marketing Company Chandigarh,5.0,(279),30.722528,76.767979,Office,Media Company
MEDIA HEIGHTS,4.8,(12),30.725959,76.725254,Office,Media Company
Ryan Media,5.0,(4),30.721808,76.759796,Office,Media Company
APE Media - Corporate Shoots | Events | Ad Films | Music Videos | Video Production Services |,5.0,(242),30.706335,76.743571,Office,Media Company
TownMediaLabs | Digital Marketing Company Chandigarh,5.0,(279),30.722528,76.767979,Office,Media Company
MM Media,5.0,(1),30.719728,76.768744,Office,Media Company
PAL Digital Media - Political Advertising Campaigns Agency,5.0,(10),30.723343,76.768965,Office,Media Company
Ryan Media,5.0,(4),30.721808,76.759796,Office,Media Company
TownMediaLabs | Digital Marketing Company Chandigarh,5.0,(279),30.722528,76.767979,Office,Media Company
MEDIA HEIGHTS,4.8,(12),30.725959,76.725254,Office,Media Company
MM Media,5.0,(1),30.719728,76.768744,Office,Media Company
Team Solutions,5.0,(1),30.721262,76.764461,Office,Media Company
Ryan Media,5.0,(4),30.721808,76.759796,Office,Media Company
TownMediaLabs | Digital Marketing Company Chandigarh,5.0,(279),30.722528,76.767979,Office,Media Company
Media Publicity,3.6,(39),30.733149,76.737468,Office,Media Company
MM Media,5.0,(1),30.719728,76.768744,Office,Media Company
PAL Digital Media - Political Advertising Campaigns Agency,5.0,(10),30.723343,76.768965,Office,Media Company
Media Publicity,3.6,(39),30.733149,76.737468,Office,Media Company
MEDIA HEIGHTS,4.8,(12),30.725959,76.725254,Office,Media Company
Cyber Point,4.0,(4),30.736006,76.750132,Office,Media Company
ORM Leaders -Graphic Designing & Digital Marketing Agency Chandigarh,4.9,(18),N/A,N/A,Office,Media Company
Moments Media,5.0,(23),30.733818,76.737983,Office,Media Company
Purusartha Works | Marketing Agency in Chandigarh,4.9,(41),30.685925,76.755613,Office,Media Company
Flymedia Technology,5.0,(1),30.692408,76.767556,Office,Media Company
Pinaka Digital Info Solution Pvt. Ltd.,4.8,(15),30.692408,76.767556,Office,Media Company
Seo Online Shop,5.0,(22),30.692036,76.767513,Office,Media Company
RealMediaHub | Web Design Company in Chandigarh,5.0,(2),30.682828,76.753611,Office,Media Company
APE Media - Corporate Shoots | Events | Ad Films | Music Videos | Video Production Services |,5.0,(242),30.706335,76.743571,Office,Media Company
Euriq Technologies,4.9,(146),30.702281,76.761544,Office,Media Company
Press Conference Chandigarh,5.0,(2),30.704067,76.757458,Office,Media Company
DigiFame Media,4.9,(201),30.697517,76.781485,Office,Media Company
Purusartha Works | Marketing Agency in Chandigarh,4.9,(41),30.685925,76.755613,Office,Media Company
APE Media - Corporate Shoots | Events | Ad Films | Music Videos | Video Production Services |,5.0,(242),30.706335,76.743571,Office,Media Company
Press Conference Chandigarh,5.0,(2),30.704067,76.757458,Office,Media Company
Euriq Technologies,4.9,(146),30.702281,76.761544,Office,Media Company
TownMediaLabs | Digital Marketing Company Chandigarh,5.0,(279),30.722528,76.767979,Office,Media Company
DigiFame Media,4.9,(201),30.697517,76.781485,Office,Media Company
Ryan Media,5.0,(4),30.721808,76.759796,Office,Media Company
APE Media - Corporate Shoots | Events | Ad Films | Music Videos | Video Production Services |,5.0,(242),30.706335,76.743571,Office,Media Company
TownMediaLabs | Digital Marketing Company Chandigarh,5.0,(279),30.722528,76.767979,Office,Media Company
MM Media,5.0,(1),30.719728,76.768744,Office,Media Company
PAL Digital Media - Political Advertising Campaigns Agency,5.0,(10),30.723343,76.768965,Office,Media Company
Ryan Media,5.0,(4),30.721808,76.759796,Office,Media Company
TownMediaLabs | Digital Marketing Company Chandigarh,5.0,(279),30.722528,76.767979,Office,Media Company
MM Media,5.0,(1),30.719728,76.768744,Office,Media Company
PAL Digital Media - Political Advertising Campaigns Agency,5.0,(10),30.723343,76.768965,Office,Media Company
Mantrin | Digital Marketing & Advertising Agency in Chandigarh,4.6,(83),30.720932,76.769644,Office,Media Company
TownMediaLabs | Digital Marketing Company Chandigarh,5.0,(279),30.722528,76.767979,Office,Media Company
Ryan Media,5.0,(4),30.721808,76.759796,Office,Media Company
Media Publicity,3.6,(39),30.733149,76.737468,Office,Media Company
PAL Digital Media - Political Advertising Campaigns Agency,5.0,(10),30.723343,76.768965,Office,Media Company
Pranya Media,4.7,(3),30.737781,76.776217,Office,Media Company
Media Publicity,3.6,(39),30.733149,76.737468,Office,Media Company
Pranya Media,4.7,(3),30.737781,76.776217,Office,Media Company
MEDIA HEIGHTS,4.8,(12),30.725959,76.725254,Office,Media Company
The LifeStyle Journalist Magazine,4.8,(54),30.731454,76.775768,Office,Media Company
Cyber Point,4.0,(4),30.736006,76.750132,Office,Media Company
DigiFame Media,4.9,(201),30.697517,76.781485,Office,Media Company
JB Media Pvt Ltd,5.0,(10),30.676374,76.747985,Office,Media Company
Purusartha Works | Marketing Agency in Chandigarh,4.9,(41),30.685925,76.755613,Office,Media Company
Orcapex Media Private Limited,N/A,N/A,30.698396,76.784811,Office,Media Company
Best Digital Marketing Company in the World 2024,5.0,(8),30.68058,76.745946,Office,Media Company
Euriq Technologies,4.9,(146),30.702281,76.761544,Office,Media Company
Flymedia Technology,5.0,(1),30.692408,76.767556,Office,Media Company
Gaurav Sharma,5.0,(16),30.695277,76.763476,Office,Media Company
Speedways Advertising,4.5,(30),30.700296,76.764583,Office,Media Company
Pinaka Digital Info Solution Pvt. Ltd.,4.8,(15),30.692408,76.767556,Office,Media Company
APE Media - Corporate Shoots | Events | Ad Films | Music Videos | Video Production Services |,5.0,(242),30.706335,76.743571,Office,Media Company
DigiFame Media,4.9,(201),30.697517,76.781485,Office,Media Company
Press Conference Chandigarh,5.0,(2),30.704067,76.757458,Office,Media Company
Euriq Technologies,4.9,(146),30.702281,76.761544,Office,Media Company
Ryan Media,5.0,(4),30.721808,76.759796,Office,Media Company
MM Media,5.0,(1),30.719728,76.768744,Office,Media Company
Webicotech Digital Marketing,5.0,(17),30.709673,76.762351,Office,Media Company
Worxmith Digital,5.0,(1),30.717795,76.775954,Office,Media Company
"Freelance Casa, Digital Marketing Agency on Freeroids.",5.0,(3),30.712921,76.757834,Office,Media Company
"Digital Ortus - Digital Marketing Company (PPC, SEO, SMM)",5.0,(1),30.713589,76.760531,Office,Media Company
Ryan Media,5.0,(4),30.721808,76.759796,Office,Media Company
TownMediaLabs | Digital Marketing Company Chandigarh,5.0,(279),30.722528,76.767979,Office,Media Company
MM Media,5.0,(1),30.719728,76.768744,Office,Media Company
PAL Digital Media - Political Advertising Campaigns Agency,5.0,(10),30.723343,76.768965,Office,Media Company
Mantrin | Digital Marketing & Advertising Agency in Chandigarh,4.6,(83),30.720932,76.769644,Office,Media Company
The LifeStyle Journalist Magazine,4.8,(54),30.731454,76.775768,Office,Media Company
Pranya Media,4.7,(3),30.737781,76.776217,Office,Media Company
TownMediaLabs | Digital Marketing Company Chandigarh,5.0,(279),30.722528,76.767979,Office,Media Company
Ryan Media,5.0,(4),30.721808,76.759796,Office,Media Company
PAL Digital Media - Political Advertising Campaigns Agency,5.0,(10),30.723343,76.768965,Office,Media Company
Pranya Media,4.7,(3),30.737781,76.776217,Office,Media Company
The LifeStyle Journalist Magazine,4.8,(54),30.731454,76.775768,Office,Media Company
Cyber Point,4.0,(4),30.736006,76.750132,Office,Media Company
ORM Leaders -Graphic Designing & Digital Marketing Agency Chandigarh,4.9,(18),N/A,N/A,Office,Media Company
ANV NEWS,4.8,(47),30.741803,76.783018,Office,Media Company
