SEVA Foundation,5.0,(1),30.73228,76.770713,Office,Non-Profit Organization
SEWA Shakti Kendra Mohali,N/A,N/A,30.679675,76.756606,Office,Non-Profit Organization
Amway,N/A,N/A,30.699909,76.730163,Office,Non-Profit Organization
Giving HANDS for HUMANITY,N/A,N/A,30.691151,76.756646,Office,Non-Profit Organization
Art of Living Temple of Knowledge - Kashi Vishwanath Devasthanam,4.7,(119),30.68909,76.728889,Office,Non-Profit Organization
SEVA Foundation,5.0,(1),30.73228,76.770713,Office,Non-Profit Organization
Om Mahadev Kawad Seva Dal,5.0,(17),30.70751,76.757543,Office,Non-Profit Organization
Amway,N/A,N/A,30.699909,76.730163,Office,Non-Profit Organization
Giving HANDS for HUMANITY,N/A,N/A,30.691151,76.756646,Office,Non-Profit Organization
Samaj Sevak Alamjit Singh Mann,5.0,(1),21.068007,82.752529,Office,Non-Profit Organization
Om Mahadev Kawad Seva Dal,5.0,(17),30.70751,76.757543,Office,Non-Profit Organization
SEWA Punjab,N/A,N/A,30.70751,76.757543,Office,Non-Profit Organization
PEOPLE'S DEVELOPMENT CENTRE,N/A,N/A,30.707475,76.757704,Office,Non-Profit Organization
Statice Health,N/A,N/A,30.72256,76.7589,Office,Non-Profit Organization
Om Mahadev Kawad Seva Dal,5.0,(17),30.70751,76.757543,Office,Non-Profit Organization
ARISE Impact,5.0,(2),30.725514,76.753955,Office,Non-Profit Organization
arms of Hope People Foundation,N/A,N/A,30.73228,76.770713,Office,Non-Profit Organization
Career Booster,5.0,(1),30.720055,76.765606,Office,Non-Profit Organization
ARISE Impact,5.0,(2),30.725514,76.753955,Office,Non-Profit Organization
Khelshala,4.5,(63),30.726063,76.749624,Office,Non-Profit Organization
KARAMPAATH FOUNDATION,N/A,N/A,30.719058,76.748704,Office,Non-Profit Organization
AASHRAY NGO,4.9,(417),30.736355,76.741581,Office,Non-Profit Organization
W.A.Y YOUTH FOUNDATION N.G.O,4.8,(127),30.73233,76.734209,Office,Non-Profit Organization
Eduwaive Foundation,4.8,(25),30.735861,76.750279,Office,Non-Profit Organization
Sikh Ekta Welfare Association,5.0,(2),30.736788,76.736221,Office,Non-Profit Organization
RIGHTWAY CHILD AND WOMEN WELFARE SOCIETY Rwcwws,3.8,(36),30.735008,76.735883,Office,Non-Profit Organization
AASHRAY NGO,4.9,(417),30.736355,76.741581,Office,Non-Profit Organization
W.A.Y YOUTH FOUNDATION N.G.O,4.8,(127),30.73233,76.734209,Office,Non-Profit Organization
Mohit Gupta Foundation,5.0,(515),30.744601,76.743507,Office,Non-Profit Organization
Eduwaive Foundation,4.8,(25),30.735861,76.750279,Office,Non-Profit Organization
“Prasanchetas Foundation”,5.0,(3),30.742848,76.744972,Office,Non-Profit Organization
SEWA Shakti Kendra Mohali,N/A,N/A,30.679675,76.756606,Office,Non-Profit Organization
Giving HANDS for HUMANITY,N/A,N/A,30.691151,76.756646,Office,Non-Profit Organization
Janj Ghar (Community Centre),3.8,(317),30.696249,76.769888,Office,Non-Profit Organization
NFL Enclave,4.2,(119),30.690586,76.759229,Office,Non-Profit Organization
Jeewan Adhaar- SBI,4.4,(70),30.691269,76.757882,Office,Non-Profit Organization
Om Mahadev Kawad Seva Dal,5.0,(17),30.70751,76.757543,Office,Non-Profit Organization
Giving HANDS for HUMANITY,N/A,N/A,30.691151,76.756646,Office,Non-Profit Organization
Janj Ghar (Community Centre),3.8,(317),30.696249,76.769888,Office,Non-Profit Organization
NFL Enclave,4.2,(119),30.690586,76.759229,Office,Non-Profit Organization
Jeewan Adhaar- SBI,4.4,(70),30.691269,76.757882,Office,Non-Profit Organization
Om Mahadev Kawad Seva Dal,5.0,(17),30.70751,76.757543,Office,Non-Profit Organization
SEWA Punjab,N/A,N/A,30.70751,76.757543,Office,Non-Profit Organization
PEOPLE'S DEVELOPMENT CENTRE,N/A,N/A,30.707475,76.757704,Office,Non-Profit Organization
Statice Health,N/A,N/A,30.72256,76.7589,Office,Non-Profit Organization
Om Mahadev Kawad Seva Dal,5.0,(17),30.70751,76.757543,Office,Non-Profit Organization
Capabilia,5.0,(3),30.73228,76.770713,Office,Non-Profit Organization
ARISE Impact,5.0,(2),30.725514,76.753955,Office,Non-Profit Organization
arms of Hope People Foundation,N/A,N/A,30.73228,76.770713,Office,Non-Profit Organization
Statice Health,N/A,N/A,30.72256,76.7589,Office,Non-Profit Organization
W.A.Y YOUTH FOUNDATION N.G.O,4.8,(127),30.73233,76.734209,Office,Non-Profit Organization
Empowering Hands Foundation,4.9,(27),30.729445,76.714663,Office,Non-Profit Organization
ARISE Impact,5.0,(2),30.725514,76.753955,Office,Non-Profit Organization
AASHRAY NGO,4.9,(417),30.736355,76.741581,Office,Non-Profit Organization
AASHRAY NGO,4.9,(417),30.736355,76.741581,Office,Non-Profit Organization
W.A.Y YOUTH FOUNDATION N.G.O,4.8,(127),30.73233,76.734209,Office,Non-Profit Organization
Eduwaive Foundation,4.8,(25),30.735861,76.750279,Office,Non-Profit Organization
Sikh Ekta Welfare Association,5.0,(2),30.736788,76.736221,Office,Non-Profit Organization
RIGHTWAY CHILD AND WOMEN WELFARE SOCIETY Rwcwws,3.8,(36),30.735008,76.735883,Office,Non-Profit Organization
AASHRAY NGO,4.9,(417),30.736355,76.741581,Office,Non-Profit Organization
W.A.Y YOUTH FOUNDATION N.G.O,4.8,(127),30.73233,76.734209,Office,Non-Profit Organization
Mohit Gupta Foundation,5.0,(515),30.744601,76.743507,Office,Non-Profit Organization
Eduwaive Foundation,4.8,(25),30.735861,76.750279,Office,Non-Profit Organization
Don Bosco Navjeevan Society,4.6,(59),30.747323,76.764174,Office,Non-Profit Organization
Giving HANDS for HUMANITY,N/A,N/A,30.691151,76.756646,Office,Non-Profit Organization
NFL Enclave,4.2,(119),30.690586,76.759229,Office,Non-Profit Organization
Jeewan Adhaar- SBI,4.4,(70),30.691269,76.757882,Office,Non-Profit Organization
Om Mahadev Kawad Seva Dal,5.0,(17),30.70751,76.757543,Office,Non-Profit Organization
Giving HANDS for HUMANITY,N/A,N/A,30.691151,76.756646,Office,Non-Profit Organization
Janj Ghar (Community Centre),3.8,(317),30.696249,76.769888,Office,Non-Profit Organization
NFL Enclave,4.2,(119),30.690586,76.759229,Office,Non-Profit Organization
Jeewan Adhaar- SBI,4.4,(70),30.691269,76.757882,Office,Non-Profit Organization
Om Mahadev Kawad Seva Dal,5.0,(17),30.70751,76.757543,Office,Non-Profit Organization
Welm Foundation,N/A,N/A,30.710903,76.768998,Office,Non-Profit Organization
SEWA Punjab,N/A,N/A,30.70751,76.757543,Office,Non-Profit Organization
Om Mahadev Kawad Seva Dal,5.0,(17),30.70751,76.757543,Office,Non-Profit Organization
Statice Health,N/A,N/A,30.72256,76.7589,Office,Non-Profit Organization
Career Booster,5.0,(1),30.720055,76.765606,Office,Non-Profit Organization
Empowering Hands Foundation,4.9,(27),30.729445,76.714663,Office,Non-Profit Organization
Capabilia,5.0,(3),30.73228,76.770713,Office,Non-Profit Organization
Statice Health,N/A,N/A,30.72256,76.7589,Office,Non-Profit Organization
W.A.Y YOUTH FOUNDATION N.G.O,4.8,(127),30.73233,76.734209,Office,Non-Profit Organization
Career Booster,5.0,(1),30.720055,76.765606,Office,Non-Profit Organization
ARISE Impact,5.0,(2),30.725514,76.753955,Office,Non-Profit Organization
AASHRAY NGO,4.9,(417),30.736355,76.741581,Office,Non-Profit Organization
AASHRAY NGO,4.9,(417),30.736355,76.741581,Office,Non-Profit Organization
Eduwaive Foundation,4.8,(25),30.735861,76.750279,Office,Non-Profit Organization
W.A.Y YOUTH FOUNDATION N.G.O,4.8,(127),30.73233,76.734209,Office,Non-Profit Organization
Statice Health,N/A,N/A,30.72256,76.7589,Office,Non-Profit Organization
ARISE Impact,5.0,(2),30.725514,76.753955,Office,Non-Profit Organization
Eduwaive Foundation,4.8,(25),30.735861,76.750279,Office,Non-Profit Organization
Sawan Kirpal Ruhani Mission (SKRM) - Kirpal Ashram,5.0,(6),30.741131,76.757205,Office,Non-Profit Organization
Global Action for Green Cover,N/A,N/A,21.068007,82.752529,Office,Non-Profit Organization
ACT1D,N/A,N/A,30.735855,76.764671,Office,Non-Profit Organization
Society of Cryospheric Science,N/A,N/A,30.744028,76.75331,Office,Non-Profit Organization
SEWA Shakti Kendra Mohali,N/A,N/A,30.679675,76.756606,Office,Non-Profit Organization
Giving HANDS for HUMANITY,N/A,N/A,30.691151,76.756646,Office,Non-Profit Organization
Janj Ghar (Community Centre),3.8,(317),30.696249,76.769888,Office,Non-Profit Organization
NFL Enclave,4.2,(119),30.690586,76.759229,Office,Non-Profit Organization
Jeewan Adhaar- SBI,4.4,(70),30.691269,76.757882,Office,Non-Profit Organization
Giving HANDS for HUMANITY,N/A,N/A,30.691151,76.756646,Office,Non-Profit Organization
Janj Ghar (Community Centre),3.8,(317),30.696249,76.769888,Office,Non-Profit Organization
NFL Enclave,4.2,(119),30.690586,76.759229,Office,Non-Profit Organization
Jeewan Adhaar- SBI,4.4,(70),30.691269,76.757882,Office,Non-Profit Organization
Om Mahadev Kawad Seva Dal,5.0,(17),30.70751,76.757543,Office,Non-Profit Organization
Capabilia,5.0,(3),30.73228,76.770713,Office,Non-Profit Organization
CII Chowk,4.0,(1),30.708941,76.783473,Office,Non-Profit Organization
Human Buddies,N/A,N/A,30.713582,76.753104,Office,Non-Profit Organization
Welm Foundation,N/A,N/A,30.710903,76.768998,Office,Non-Profit Organization
Om Mahadev Kawad Seva Dal,5.0,(17),30.70751,76.757543,Office,Non-Profit Organization
Capabilia,5.0,(3),30.73228,76.770713,Office,Non-Profit Organization
Statice Health,N/A,N/A,30.72256,76.7589,Office,Non-Profit Organization
Career Booster,5.0,(1),30.720055,76.765606,Office,Non-Profit Organization
Haryana Human Right Commission,4.2,(71),30.719095,76.773753,Office,Non-Profit Organization
Statice Health,N/A,N/A,30.72256,76.7589,Office,Non-Profit Organization
Career Booster,5.0,(1),30.720055,76.765606,Office,Non-Profit Organization
ARISE Impact,5.0,(2),30.725514,76.753955,Office,Non-Profit Organization
AASHRAY NGO,4.9,(417),30.736355,76.741581,Office,Non-Profit Organization
HEALING HOME TRUST,5.0,(6),30.726759,76.765392,Office,Non-Profit Organization
Statice Health,N/A,N/A,30.72256,76.7589,Office,Non-Profit Organization
Eduwaive Foundation,4.8,(25),30.735861,76.750279,Office,Non-Profit Organization
HASHTAG FOUNDATION CHANDIGARH,N/A,N/A,30.740815,76.781971,Office,Non-Profit Organization
ARISE Impact,5.0,(2),30.725514,76.753955,Office,Non-Profit Organization
arms of Hope People Foundation,N/A,N/A,30.73228,76.770713,Office,Non-Profit Organization
Wood work shop nehla fatehabad,3.9,(23),30.738509,76.77468,Office,Non-Profit Organization
Sawan Kirpal Ruhani Mission (SKRM) - Kirpal Ashram,5.0,(6),30.741131,76.757205,Office,Non-Profit Organization
ACT1D,N/A,N/A,30.735855,76.764671,Office,Non-Profit Organization
