Forever Travels- Best travel agency in Tricity | Airline Travel Agency,4.8,(140),30.686255,76.738714,Office,Travel Agency
Travelseas,5.0,(28),30.680625,76.749071,Office,Travel Agency
ExplorationTrip,5.0,(25),30.683148,76.742804,Office,Travel Agency
UNIGLOBE Shergill Travel,4.6,(154),30.679074,76.747172,Office,Travel Agency
Sai Tour & Travels,4.7,(248),30.679105,76.747117,Office,Travel Agency
Forever Travels- Best travel agency in Tricity | Airline Travel Agency,4.8,(140),30.686255,76.738714,Office,Travel Agency
Ridhi Travels,4.7,(180),30.699568,76.766411,Office,Travel Agency
Best India Travel - Best Travel Agency/Travel Agents/Tour Operator for Chandigarh - Mohali - Shimla Manali,5.0,(16),30.704018,76.729639,Office,Travel Agency
Dhiman Tour & Travel - Best Travel Agent / Agency Chandigarh,4.9,(32),30.695655,76.75194,Office,Travel Agency
Dhaliwal travels,3.8,(13),30.702691,76.72802,Office,Travel Agency
ShahKingTravel,5.0,(53),31.458244,76.960994,Office,Travel Agency
Shri Krishna Tour & Travels,4.8,(26),30.704672,76.74301,Office,Travel Agency
Jai Mata Tours And Travels,3.8,(161),30.70513,76.757597,Office,Travel Agency
AB Tour & Travels,3.7,(47),30.733066,76.742619,Office,Travel Agency
Panja Sahib Travels,4.6,(22),30.710056,76.754781,Office,Travel Agency
Destination IQ,4.7,(166),30.720155,76.757762,Office,Travel Agency
Sheetal Travels,4.5,(121),30.71435,76.757863,Office,Travel Agency
ShahKingTravel,5.0,(53),31.458244,76.960994,Office,Travel Agency
HARSHIL TRAVELS,4.8,(282),30.707513,76.723801,Office,Travel Agency
ANGEL TRAVELS,4.8,(28),30.71662,76.738986,Office,Travel Agency
Destination IQ,4.7,(166),30.720155,76.757762,Office,Travel Agency
Worldwide Vacations,4.4,(172),30.728697,76.758337,Office,Travel Agency
Sheetal Travels,4.5,(121),30.71435,76.757863,Office,Travel Agency
ANGEL TRAVELS,4.8,(28),30.71662,76.738986,Office,Travel Agency
YOGYA TRAVELS,4.6,(32),30.726937,76.723353,Office,Travel Agency
Worldwide Vacations,4.4,(172),30.728697,76.758337,Office,Travel Agency
Ever Green Tours,4.8,(48),30.731976,76.740897,Office,Travel Agency
Safar travel solution co.,4.4,(66),30.73239,76.732448,Office,Travel Agency
YOGYA TRAVELS,4.6,(32),30.726937,76.723353,Office,Travel Agency
Raman tour & travel's,4.7,(20),30.731297,76.735751,Office,Travel Agency
Evergreen Travels (Regd),4.7,(276),30.746459,76.743027,Office,Travel Agency
Leisureflies Travels Pvt Ltd,4.9,(113),30.742734,76.745078,Office,Travel Agency
Sai Tour & Travels,4.6,(615),30.744597,76.761113,Office,Travel Agency
Noor Tour & Travels,4.8,(93),30.741472,76.737079,Office,Travel Agency
Safar travel solution co.,4.4,(66),30.73239,76.732448,Office,Travel Agency
Forever Travels- Best travel agency in Tricity | Airline Travel Agency,4.8,(140),30.686255,76.738714,Office,Travel Agency
Travel Partners,4.9,(289),30.694386,76.770587,Office,Travel Agency
Country Tours and Travels,4.8,(156),30.69484,76.770222,Office,Travel Agency
UNIGLOBE Shergill Travel,4.6,(154),30.679074,76.747172,Office,Travel Agency
Sai Tour & Travels,4.7,(248),30.679105,76.747117,Office,Travel Agency
Forever Travels- Best travel agency in Tricity | Airline Travel Agency,4.8,(140),30.686255,76.738714,Office,Travel Agency
Travel Partners,4.9,(289),30.694386,76.770587,Office,Travel Agency
Country Tours and Travels,4.8,(156),30.69484,76.770222,Office,Travel Agency
Ridhi Travels,4.7,(180),30.699568,76.766411,Office,Travel Agency
Arcadia Vacations,4.4,(142),30.694717,76.770713,Office,Travel Agency
Ridhi Travels,4.7,(180),30.699568,76.766411,Office,Travel Agency
ShahKingTravel,5.0,(53),31.458244,76.960994,Office,Travel Agency
Nitu Tour & Travels,4.9,(102),30.710926,76.735095,Office,Travel Agency
Country Tours and Travels,4.8,(156),30.69484,76.770222,Office,Travel Agency
Best India Travel - Best Travel Agency/Travel Agents/Tour Operator for Chandigarh - Mohali - Shimla Manali,5.0,(16),30.704018,76.729639,Office,Travel Agency
Destination IQ,4.7,(166),30.720155,76.757762,Office,Travel Agency
Sheetal Travels,4.5,(121),30.71435,76.757863,Office,Travel Agency
ShahKingTravel,5.0,(53),31.458244,76.960994,Office,Travel Agency
"Tourcation - Best Travel Agents in Chandigarh, Travel Agency in Chandigarh",5.0,(16),30.721696,76.770034,Office,Travel Agency
ANGEL TRAVELS,4.8,(28),30.71662,76.738986,Office,Travel Agency
Worldwide Vacations,4.4,(172),30.728697,76.758337,Office,Travel Agency
Sheetal Travels,4.5,(121),30.71435,76.757863,Office,Travel Agency
"Tourcation - Best Travel Agents in Chandigarh, Travel Agency in Chandigarh",5.0,(16),30.721696,76.770034,Office,Travel Agency
ANGEL TRAVELS,4.8,(28),30.71662,76.738986,Office,Travel Agency
Abhishek Travels,5.0,(27),30.715378,76.738144,Office,Travel Agency
Worldwide Vacations,4.4,(172),30.728697,76.758337,Office,Travel Agency
Ever Green Tours,4.8,(48),30.731976,76.740897,Office,Travel Agency
Safar travel solution co.,4.4,(66),30.73239,76.732448,Office,Travel Agency
"Tourcation - Best Travel Agents in Chandigarh, Travel Agency in Chandigarh",5.0,(16),30.721696,76.770034,Office,Travel Agency
Raman tour & travel's,4.7,(20),30.731297,76.735751,Office,Travel Agency
Evergreen Travels (Regd),4.7,(276),30.746459,76.743027,Office,Travel Agency
Sai Tour & Travels,4.6,(615),30.744597,76.761113,Office,Travel Agency
Leisureflies Travels Pvt Ltd,4.9,(113),30.742734,76.745078,Office,Travel Agency
Pathania Tours & Travels,4.9,(111),30.746608,76.760462,Office,Travel Agency
Noor Tour & Travels,4.8,(93),30.741472,76.737079,Office,Travel Agency
EXPLORATIONTRIP,5.0,(10),30.693007,76.768998,Office,Travel Agency
TRAVELJET-TOURS AND TRAVELS,5.0,(6),30.691896,76.767277,Office,Travel Agency
TempoTravller in Chandigarh/9 To12 Seater Tempo Traveller/Rent Tempo Travller -ABROL TOUR & TRAVELs,3.8,(15),30.687143,76.760186,Office,Travel Agency
TravelTrekAdventures,2.7,(6),30.693194,76.757697,Office,Travel Agency
Guru Ji Travels,5.0,(26),30.692579,76.765501,Office,Travel Agency
Country Tours and Travels,4.8,(156),30.69484,76.770222,Office,Travel Agency
Travel Partners,4.9,(289),30.694386,76.770587,Office,Travel Agency
Ridhi Travels,4.7,(180),30.699568,76.766411,Office,Travel Agency
Forever Travels- Best travel agency in Tricity | Airline Travel Agency,4.8,(140),30.686255,76.738714,Office,Travel Agency
Arcadia Vacations,4.4,(142),30.694717,76.770713,Office,Travel Agency
Ridhi Travels,4.7,(180),30.699568,76.766411,Office,Travel Agency
Country Tours and Travels,4.8,(156),30.69484,76.770222,Office,Travel Agency
ShahKingTravel,5.0,(53),31.458244,76.960994,Office,Travel Agency
Travel Partners,4.9,(289),30.694386,76.770587,Office,Travel Agency
Shri Krishna Tour & Travels,4.8,(26),30.704672,76.74301,Office,Travel Agency
Destination IQ,4.7,(166),30.720155,76.757762,Office,Travel Agency
"Tourcation - Best Travel Agents in Chandigarh, Travel Agency in Chandigarh",5.0,(16),30.721696,76.770034,Office,Travel Agency
Sheetal Travels,4.5,(121),30.71435,76.757863,Office,Travel Agency
Global Bee Holidays,4.9,(110),30.722932,76.770328,Office,Travel Agency
The Global Tourism & Resorts,4.9,"(1,393)",30.721008,76.769838,Office,Travel Agency
Global Bee Holidays,4.9,(110),30.722932,76.770328,Office,Travel Agency
"Tourcation - Best Travel Agents in Chandigarh, Travel Agency in Chandigarh",5.0,(16),30.721696,76.770034,Office,Travel Agency
The Global Tourism & Resorts,4.9,"(1,393)",30.721008,76.769838,Office,Travel Agency
Riya - The Travel Expert | Chandigarh,4.1,(54),30.727331,76.768956,Office,Travel Agency
Team Travel Ind,4.9,(41),30.723433,76.769231,Office,Travel Agency
Global Bee Holidays,4.9,(110),30.722932,76.770328,Office,Travel Agency
Travelling Feathers The Travel House,4.9,(10),30.731962,76.76785,Office,Travel Agency
Riya - The Travel Expert | Chandigarh,4.1,(54),30.727331,76.768956,Office,Travel Agency
"Tourcation - Best Travel Agents in Chandigarh, Travel Agency in Chandigarh",5.0,(16),30.721696,76.770034,Office,Travel Agency
Team Travel Ind,4.9,(41),30.723433,76.769231,Office,Travel Agency
Evergreen Travels (Regd),4.7,(276),30.746459,76.743027,Office,Travel Agency
Sai Tour & Travels,4.6,(615),30.744597,76.761113,Office,Travel Agency
Leisureflies Travels Pvt Ltd,4.9,(113),30.742734,76.745078,Office,Travel Agency
Travel Diaries,5.0,(49),30.739767,76.766867,Office,Travel Agency
Travelling Feathers The Travel House,4.9,(10),30.731962,76.76785,Office,Travel Agency
Country Tours and Travels,4.8,(156),30.69484,76.770222,Office,Travel Agency
Travel Partners,4.9,(289),30.694386,76.770587,Office,Travel Agency
Travelseas,5.0,(28),30.680625,76.749071,Office,Travel Agency
Arcadia Vacations,4.4,(142),30.694717,76.770713,Office,Travel Agency
UNIGLOBE Shergill Travel,4.6,(154),30.679074,76.747172,Office,Travel Agency
Country Tours and Travels,4.8,(156),30.69484,76.770222,Office,Travel Agency
Travel Partners,4.9,(289),30.694386,76.770587,Office,Travel Agency
Ridhi Travels,4.7,(180),30.699568,76.766411,Office,Travel Agency
Arcadia Vacations,4.4,(142),30.694717,76.770713,Office,Travel Agency
EXPLORATIONTRIP,5.0,(10),30.693007,76.768998,Office,Travel Agency
Ridhi Travels,4.7,(180),30.699568,76.766411,Office,Travel Agency
Country Tours and Travels,4.8,(156),30.69484,76.770222,Office,Travel Agency
ShahKingTravel,5.0,(53),31.458244,76.960994,Office,Travel Agency
Travel Partners,4.9,(289),30.694386,76.770587,Office,Travel Agency
Sheetal Travels,4.5,(121),30.71435,76.757863,Office,Travel Agency
Destination IQ,4.7,(166),30.720155,76.757762,Office,Travel Agency
"Tourcation - Best Travel Agents in Chandigarh, Travel Agency in Chandigarh",5.0,(16),30.721696,76.770034,Office,Travel Agency
Sheetal Travels,4.5,(121),30.71435,76.757863,Office,Travel Agency
Global Bee Holidays,4.9,(110),30.722932,76.770328,Office,Travel Agency
The Global Tourism & Resorts,4.9,"(1,393)",30.721008,76.769838,Office,Travel Agency
Global Bee Holidays,4.9,(110),30.722932,76.770328,Office,Travel Agency
"Tourcation - Best Travel Agents in Chandigarh, Travel Agency in Chandigarh",5.0,(16),30.721696,76.770034,Office,Travel Agency
The Global Tourism & Resorts,4.9,"(1,393)",30.721008,76.769838,Office,Travel Agency
Riya - The Travel Expert | Chandigarh,4.1,(54),30.727331,76.768956,Office,Travel Agency
Team Travel Ind,4.9,(41),30.723433,76.769231,Office,Travel Agency
Global Bee Holidays,4.9,(110),30.722932,76.770328,Office,Travel Agency
Travelling Feathers The Travel House,4.9,(10),30.731962,76.76785,Office,Travel Agency
Riya - The Travel Expert | Chandigarh,4.1,(54),30.727331,76.768956,Office,Travel Agency
"Tourcation - Best Travel Agents in Chandigarh, Travel Agency in Chandigarh",5.0,(16),30.721696,76.770034,Office,Travel Agency
Team Travel Ind,4.9,(41),30.723433,76.769231,Office,Travel Agency
Sai Tour & Travels,4.6,(615),30.744597,76.761113,Office,Travel Agency
Leisureflies Travels Pvt Ltd,4.9,(113),30.742734,76.745078,Office,Travel Agency
Evergreen Travels (Regd),4.7,(276),30.746459,76.743027,Office,Travel Agency
Travel Diaries,5.0,(49),30.739767,76.766867,Office,Travel Agency
Travelling Feathers The Travel House,4.9,(10),30.731962,76.76785,Office,Travel Agency
